Code,Headings,Description
V00.00,Pedestrian,"Pedestrian injured in collision with pedestrian conveyance, nontraffic accident, unspecified pedestrian conveyance"
V00.01,Pedestrian,"Pedestrian injured in collision with pedestrian conveyance, nontraffic accident, on foot"
V00.02,Pedestrian,"Pedestrian injured in collision with pedestrian conveyance, nontraffic accident, skateboard"
V00.03,Pedestrian,"Pedestrian injured in collision with pedestrian conveyance, nontraffic accident, roller-skates"
V00.04,Pedestrian,"Pedestrian injured in collision with pedestrian conveyance, nontraffic accident, scooter, powered"
V00.05,Pedestrian,"Pedestrian injured in collision with pedestrian conveyance, nontraffic accident, scooter, nonpowered"
V00.06,Pedestrian,"Pedestrian injured in collision with pedestrian conveyance, nontraffic accident, wheelchair, powered"
V00.07,Pedestrian,"Pedestrian injured in collision with pedestrian conveyance, nontraffic accident, wheelchair, nonpowered"
V00.08,Pedestrian,"Pedestrian injured in collision with pedestrian conveyance, nontraffic accident, baby carriage"
V00.09,Pedestrian,"Pedestrian injured in collision with pedestrian conveyance, nontraffic accident, other specified pedestrian conveyance"
V00.10,Pedestrian,"Pedestrian injured in collision with pedestrian conveyance, traffic accident, unspecified pedestrian conveyance"
V00.11,Pedestrian,"Pedestrian injured in collision with pedestrian conveyance, traffic accident, on foot"
V00.12,Pedestrian,"Pedestrian injured in collision with pedestrian conveyance, traffic accident, skateboard"
V00.13,Pedestrian,"Pedestrian injured in collision with pedestrian conveyance, traffic accident, roller-skates"
V00.14,Pedestrian,"Pedestrian injured in collision with pedestrian conveyance, traffic accident, scooter, powered"
V00.15,Pedestrian,"Pedestrian injured in collision with pedestrian conveyance, traffic accident, scooter, nonpowered"
V00.16,Pedestrian,"Pedestrian injured in collision with pedestrian conveyance, traffic accident, wheelchair, powered"
V00.17,Pedestrian,"Pedestrian injured in collision with pedestrian conveyance, traffic accident, wheelchair, nonpowered"
V00.18,Pedestrian,"Pedestrian injured in collision with pedestrian conveyance, traffic accident, baby carriage"
V00.19,Pedestrian,"Pedestrian injured in collision with pedestrian conveyance, traffic accident, other specified pedestrian conveyance"
V00.90,Pedestrian,"Pedestrian injured in collision with pedestrian conveyance, unspecified whether traffic or nontraffic accident, unspecified pedestrian conveyance"
V00.91,Pedestrian,"Pedestrian injured in collision with pedestrian conveyance, unspecified whether traffic or nontraffic accident, on foot"
V00.92,Pedestrian,"Pedestrian injured in collision with pedestrian conveyance, unspecified whether traffic or nontraffic accident, skateboard"
V00.93,Pedestrian,"Pedestrian injured in collision with pedestrian conveyance, unspecified whether traffic or nontraffic accident, roller-skates"
V00.94,Pedestrian,"Pedestrian injured in collision with pedestrian conveyance, unspecified whether traffic or nontraffic accident, scooter, powered"
V00.95,Pedestrian,"Pedestrian injured in collision with pedestrian conveyance, unspecified whether traffic or nontraffic accident, scooter, nonpowered"
V00.96,Pedestrian,"Pedestrian injured in collision with pedestrian conveyance, unspecified whether traffic or nontraffic accident, wheelchair, powered"
V00.97,Pedestrian,"Pedestrian injured in collision with pedestrian conveyance, unspecified whether traffic or nontraffic accident, wheelchair, nonpowered"
V00.98,Pedestrian,"Pedestrian injured in collision with pedestrian conveyance, unspecified whether traffic or nontraffic accident, baby carriage"
V00.99,Pedestrian,"Pedestrian injured in collision with pedestrian conveyance, unspecified whether traffic or nontraffic accident, other specified pedestrian conveyance"
V01.0,Pedestrian,"Pedestrian injured in collision with pedal cycle, nontraffic accident"
V01.1,Pedestrian,"Pedestrian injured in collision with pedal cycle, traffic accident"
V01.9,Pedestrian,"Pedestrian injured in collision with pedal cycle, unspecified whether traffic or nontraffic accident"
V02.0,Pedestrian,"Pedestrian injured in collision with two- or three-wheeled motor vehicle, nontraffic accident"
V02.1,Pedestrian,"Pedestrian injured in collision with two- or three-wheeled motor vehicle, traffic accident"
V02.9,Pedestrian,"Pedestrian injured in collision with two- or three-wheeled motor vehicle, unspecified whether traffic or nontraffic accident"
V03.0,Pedestrian,"Pedestrian injured in collision with car, pick-up truck or van, nontraffic accident"
V03.1,Pedestrian,"Pedestrian injured in collision with car, pick-up truck or van, traffic accident"
V03.9,Pedestrian,"Pedestrian injured in collision with car, pick-up truck or van, unspecified whether traffic or nontraffic accident"
V04.0,Pedestrian,"Pedestrian injured in collision with heavy transport vehicle or bus, nontraffic accident"
V04.1,Pedestrian,"Pedestrian injured in collision with heavy transport vehicle or bus, traffic accident"
V04.9,Pedestrian,"Pedestrian injured in collision with heavy transport vehicle or bus, unspecified whether traffic or nontraffic accident"
V05.0,Pedestrian,"Pedestrian injured in collision with railway train or railway vehicle, nontraffic accident"
V05.1,Pedestrian,"Pedestrian injured in collision with railway train or railway vehicle, traffic accident"
V05.9,Pedestrian,"Pedestrian injured in collision with railway train or railway vehicle, unspecified whether traffic or nontraffic accident"
V06.0,Pedestrian,"Pedestrian injured in collision with other nonmotor vehicle, nontraffic accident"
V06.1,Pedestrian,"Pedestrian injured in collision with other nonmotor vehicle, traffic accident"
V06.9,Pedestrian,"Pedestrian injured in collision with other nonmotor vehicle, unspecified whether traffic or nontraffic accident"
V09.0,Pedestrian,Pedestrian injured in nontraffic accident involving other and unspecified motor vehicles
V09.1,Pedestrian,Pedestrian injured in unspecified nontraffic accident
V09.2,Pedestrian,Pedestrian injured in traffic accident involving other and unspecified motor vehicles
V09.3,Pedestrian,Pedestrian injured in unspecified traffic accident
V09.9,Pedestrian,Pedestrian injured in unspecified transport accident
V10.0,Pedal Cycle,"Pedal cyclist injured in collision with pedestrian or animal, driver, nontraffic accident"
V10.1,Pedal Cycle,"Pedal cyclist injured in collision with pedestrian or animal, passenger, nontraffic accident"
V10.2,Pedal Cycle,"Pedal cyclist injured in collision with pedestrian or animal, unspecified pedal cyclist, nontraffic accident"
V10.3,Pedal Cycle,"Pedal cyclist injured in collision with pedestrian or animal, while boarding or alighting"
V10.4,Pedal Cycle,"Pedal cyclist injured in collision with pedestrian or animal, driver, traffic accident"
V10.5,Pedal Cycle,"Pedal cyclist injured in collision with pedestrian or animal, passenger, traffic accident"
V10.9,Pedal Cycle,"Pedal cyclist injured in collision with pedestrian or animal, unspecified pedal cyclist, traffic accident"
V11.0,Pedal Cycle,"Pedal cyclist injured in collision with other pedal cycle, driver, nontraffic accident"
V11.1,Pedal Cycle,"Pedal cyclist injured in collision with other pedal cycle, passenger, nontraffic accident"
V11.2,Pedal Cycle,"Pedal cyclist injured in collision with other pedal cycle, unspecified pedal cyclist, nontraffic accident"
V11.3,Pedal Cycle,"Pedal cyclist injured in collision with other pedal cycle, while boarding or alighting"
V11.4,Pedal Cycle,"Pedal cyclist injured in collision with other pedal cycle, driver, traffic accident"
V11.5,Pedal Cycle,"Pedal cyclist injured in collision with other pedal cycle, passenger, traffic accident"
V11.9,Pedal Cycle,"Pedal cyclist injured in collision with other pedal cycle, unspecified pedal cyclist, traffic accident"
V12.0,Pedal Cycle,"Pedal cyclist injured in collision with two- or three-wheeled motor vehicle, driver, nontraffic accident"
V12.1,Pedal Cycle,"Pedal cyclist injured in collision with two- or three-wheeled motor vehicle, passenger, nontraffic accident"
V12.2,Pedal Cycle,"Pedal cyclist injured in collision with two- or three-wheeled motor vehicle, unspecified pedal cyclist, nontraffic accident"
V12.3,Pedal Cycle,"Pedal cyclist injured in collision with two- or three-wheeled motor vehicle, while boarding or alighting"
V12.4,Pedal Cycle,"Pedal cyclist injured in collision with two- or three-wheeled motor vehicle, driver, traffic accident"
V12.5,Pedal Cycle,"Pedal cyclist injured in collision with two- or three-wheeled motor vehicle, passenger, traffic accident"
V12.9,Pedal Cycle,"Pedal cyclist injured in collision with two- or three-wheeled motor vehicle, unspecified pedal cyclist, traffic accident"
V13.0,Pedal Cycle,"Pedal cyclist injured in collision with car, pick-up truck or van, driver, nontraffic accident"
V13.1,Pedal Cycle,"Pedal cyclist injured in collision with car, pick-up truck or van, passenger, nontraffic accident"
V13.2,Pedal Cycle,"Pedal cyclist injured in collision with car, pick-up truck or van, unspecified pedal cyclist, nontraffic accident"
V13.3,Pedal Cycle,"Pedal cyclist injured in collision with car, pick-up truck or van, while boarding or alighting"
V13.4,Pedal Cycle,"Pedal cyclist injured in collision with car, pick-up truck or van, driver, traffic accident"
V13.5,Pedal Cycle,"Pedal cyclist injured in collision with car, pick-up truck or van, passenger, traffic accident"
V13.9,Pedal Cycle,"Pedal cyclist injured in collision with car, pick-up truck or van, unspecified pedal cyclist, traffic accident"
V14.0,Pedal Cycle,"Pedal cyclist injured in collision with heavy transport vehicle or bus, driver, nontraffic accident"
V14.1,Pedal Cycle,"Pedal cyclist injured in collision with heavy transport vehicle or bus, passenger, nontraffic accident"
V14.2,Pedal Cycle,"Pedal cyclist injured in collision with heavy transport vehicle or bus, unspecified pedal cyclist, nontraffic accident"
V14.3,Pedal Cycle,"Pedal cyclist injured in collision with heavy transport vehicle or bus, while boarding or alighting"
V14.4,Pedal Cycle,"Pedal cyclist injured in collision with heavy transport vehicle or bus, driver, traffic accident"
V14.5,Pedal Cycle,"Pedal cyclist injured in collision with heavy transport vehicle or bus, passenger, traffic accident"
V14.9,Pedal Cycle,"Pedal cyclist injured in collision with heavy transport vehicle or bus, unspecified pedal cyclist, traffic accident"
V15.0,Pedal Cycle,"Pedal cyclist injured in collision with railway train or railway vehicle, driver, nontraffic accident"
V15.1,Pedal Cycle,"Pedal cyclist injured in collision with railway train or railway vehicle, passenger, nontraffic accident"
V15.2,Pedal Cycle,"Pedal cyclist injured in collision with railway train or railway vehicle, unspecified pedal cyclist, nontraffic accident"
V15.3,Pedal Cycle,"Pedal cyclist injured in collision with railway train or railway vehicle, while boarding or alighting"
V15.4,Pedal Cycle,"Pedal cyclist injured in collision with railway train or railway vehicle, driver, traffic accident"
V15.5,Pedal Cycle,"Pedal cyclist injured in collision with railway train or railway vehicle, passenger, traffic accident"
V15.9,Pedal Cycle,"Pedal cyclist injured in collision with railway train or railway vehicle, unspecified pedal cyclist, traffic accident"
V16.0,Pedal Cycle,"Pedal cyclist injured in collision with other nonmotor vehicle, driver, nontraffic accident"
V16.1,Pedal Cycle,"Pedal cyclist injured in collision with other nonmotor vehicle, passenger, nontraffic accident"
V16.2,Pedal Cycle,"Pedal cyclist injured in collision with other nonmotor vehicle, unspecified pedal cyclist, nontraffic accident"
V16.3,Pedal Cycle,"Pedal cyclist injured in collision with other nonmotor vehicle, while boarding or alighting"
V16.4,Pedal Cycle,"Pedal cyclist injured in collision with other nonmotor vehicle, driver, traffic accident"
V16.5,Pedal Cycle,"Pedal cyclist injured in collision with other nonmotor vehicle, passenger, traffic accident"
V16.9,Pedal Cycle,"Pedal cyclist injured in collision with other nonmotor vehicle, unspecified pedal cyclist, traffic accident"
V17.0,Pedal Cycle,"Pedal cyclist injured in collision with fixed or stationary object, driver, nontraffic accident"
V17.1,Pedal Cycle,"Pedal cyclist injured in collision with fixed or stationary object, passenger, nontraffic accident"
V17.2,Pedal Cycle,"Pedal cyclist injured in collision with fixed or stationary object, unspecified pedal cyclist, nontraffic accident"
V17.3,Pedal Cycle,"Pedal cyclist injured in collision with fixed or stationary object, while boarding or alighting"
V17.30,Pedal Cycle,"Pedal cyclist injured in collision with fixed or stationary object, while boarding or alighting, while engaged in sports activity"
V17.4,Pedal Cycle,"Pedal cyclist injured in collision with fixed or stationary object, driver, traffic accident"
V17.5,Pedal Cycle,"Pedal cyclist injured in collision with fixed or stationary object, passenger, traffic accident"
V17.9,Pedal Cycle,"Pedal cyclist injured in collision with fixed or stationary object, unspecified pedal cyclist, traffic accident"
V18.0,Pedal Cycle,"Pedal cyclist injured in noncollision transport accident, driver, nontraffic accident"
V18.1,Pedal Cycle,"Pedal cyclist injured in noncollision transport accident, passenger, nontraffic accident"
V18.2,Pedal Cycle,"Pedal cyclist injured in noncollision transport accident, unspecified pedal cyclist, nontraffic accident"
V18.3,Pedal Cycle,"Pedal cyclist injured in noncollision transport accident, while boarding or alighting"
V18.4,Pedal Cycle,"Pedal cyclist injured in noncollision transport accident, driver, traffic accident"
V18.5,Pedal Cycle,"Pedal cyclist injured in noncollision transport accident, passenger, traffic accident"
V18.9,Pedal Cycle,"Pedal cyclist injured in noncollision transport accident, unspecified pedal cyclist, traffic accident"
V19.0,Pedal Cycle,Pedal cyclist injured in collision with other and unspecified motor vehicles in nontraffic accident
V19.1,Pedal Cycle,Pedal cyclist passenger injured in collision with other and unspecified motor vehicles in nontraffic accident
V19.2,Pedal Cycle,Unspecified pedal cyclist injured in collision with other and unspecified motor vehicles in nontraffic accident
V19.3,Pedal Cycle,Pedal cyclist [any] injured in unspecified nontraffic accident
V19.4,Pedal Cycle,Pedal cyclist injured in collision with other and unspecified motor vehicles in traffic accident
V19.5,Pedal Cycle,Pedal cyclist passenger injured in collision with other and unspecified motor vehicles in traffic accident
V19.6,Pedal Cycle,Unspecified pedal cyclist injured in collision with other and unspecified motor vehicles in traffic accident
V19.8,Pedal Cycle,Pedal cyclist [any] injured in other specified transport accidents
V19.9,Pedal Cycle,Pedal cyclist [any] injured in unspecified traffic accident
V20.00,Motorcycle,"Motorcycle rider injured in collision with pedestrian or animal, driver, nontraffic accident, motor-scooter, moped or motorised bicycle"
V20.01,Motorcycle,"Motorcycle rider injured in collision with pedestrian or animal, driver, nontraffic accident, motorcycle designed primarily for on-road use"
V20.02,Motorcycle,"Motorcycle rider injured in collision with pedestrian or animal, driver, nontraffic accident, motorcycle designed primarily for off-road use"
V20.08,Motorcycle,"Motorcycle rider injured in collision with pedestrian or animal, driver, nontraffic accident, other specified motorcycle"
V20.09,Motorcycle,"Motorcycle rider injured in collision with pedestrian or animal, driver, nontraffic accident, unspecified motorcycle"
V20.10,Motorcycle,"Motorcycle rider injured in collision with pedestrian or animal, passenger, nontraffic accident, motor-scooter, moped or motorised bicycle"
V20.11,Motorcycle,"Motorcycle rider injured in collision with pedestrian or animal, passenger, nontraffic accident, motorcycle designed primarily for on-road use"
V20.12,Motorcycle,"Motorcycle rider injured in collision with pedestrian or animal, passenger, nontraffic accident, motorcycle designed primarily for off-road use"
V20.18,Motorcycle,"Motorcycle rider injured in collision with pedestrian or animal, passenger, nontraffic accident, other specified motorcycle"
V20.19,Motorcycle,"Motorcycle rider injured in collision with pedestrian or animal, passenger, nontraffic accident, unspecified motorcycle"
V20.20,Motorcycle,"Motorcycle rider injured in collision with pedestrian or animal, unspecified motorcycle rider, nontraffic accident, motor-scooter, moped or motorised bicycle"
V20.21,Motorcycle,"Motorcycle rider injured in collision with pedestrian or animal, unspecified motorcycle rider, nontraffic accident, motorcycle designed primarily for on-road use"
V20.22,Motorcycle,"Motorcycle rider injured in collision with pedestrian or animal, unspecified motorcycle rider, nontraffic accident, motorcycle designed primarily for off-road use"
V20.28,Motorcycle,"Motorcycle rider injured in collision with pedestrian or animal, unspecified motorcycle rider, nontraffic accident, other specified motorcycle"
V20.29,Motorcycle,"Motorcycle rider injured in collision with pedestrian or animal, unspecified motorcycle rider, nontraffic accident, unspecified motorcycle"
V20.30,Motorcycle,"Motorcycle rider injured in collision with pedestrian or animal, while boarding or alighting, motor-scooter, moped or motorised bicycle"
V20.31,Motorcycle,"Motorcycle rider injured in collision with pedestrian or animal, while boarding or alighting, motorcycle designed primarily for on-road use"
V20.32,Motorcycle,"Motorcycle rider injured in collision with pedestrian or animal, while boarding or alighting, motorcycle designed primarily for off-road use"
V20.38,Motorcycle,"Motorcycle rider injured in collision with pedestrian or animal, while boarding or alighting, other specified motorcycle"
V20.39,Motorcycle,"Motorcycle rider injured in collision with pedestrian or animal, while boarding or alighting, unspecified motorcycle"
V20.40,Motorcycle,"Motorcycle rider injured in collision with pedestrian or animal, driver, traffic accident, motor-scooter, moped or motorised bicycle"
V20.41,Motorcycle,"Motorcycle rider injured in collision with pedestrian or animal, driver, traffic accident, motorcycle designed primarily for on-road use"
V20.42,Motorcycle,"Motorcycle rider injured in collision with pedestrian or animal, driver, traffic accident, motorcycle designed primarily for off-road use"
V20.48,Motorcycle,"Motorcycle rider injured in collision with pedestrian or animal, driver, traffic accident, other specified motorcycle"
V20.49,Motorcycle,"Motorcycle rider injured in collision with pedestrian or animal, driver, traffic accident, unspecified motorcycle"
V20.50,Motorcycle,"Motorcycle rider injured in collision with pedestrian or animal, passenger, traffic accident, motor-scooter, moped or motorised bicycle"
V20.51,Motorcycle,"Motorcycle rider injured in collision with pedestrian or animal, passenger, traffic accident, motorcycle designed primarily for on-road use"
V20.52,Motorcycle,"Motorcycle rider injured in collision with pedestrian or animal, passenger, traffic accident, motorcycle designed primarily for off-road use"
V20.58,Motorcycle,"Motorcycle rider injured in collision with pedestrian or animal, passenger, traffic accident, other specified motorcycle"
V20.59,Motorcycle,"Motorcycle rider injured in collision with pedestrian or animal, passenger, traffic accident, unspecified motorcycle"
V20.90,Motorcycle,"Motorcycle rider injured in collision with pedestrian or animal, unspecified motorcycle rider, traffic accident, motor-scooter, moped or motorised bicycle"
V20.91,Motorcycle,"Motorcycle rider injured in collision with pedestrian or animal, unspecified motorcycle rider, traffic accident, motorcycle designed primarily for on-road use"
V20.92,Motorcycle,"Motorcycle rider injured in collision with pedestrian or animal, unspecified motorcycle rider, traffic accident, motorcycle designed primarily for off-road use"
V20.98,Motorcycle,"Motorcycle rider injured in collision with pedestrian or animal, unspecified motorcycle rider, traffic accident, other specified motorcycle"
V20.99,Motorcycle,"Motorcycle rider injured in collision with pedestrian or animal, unspecified motorcycle rider, traffic accident, unspecified motorcycle"
V21.00,Motorcycle,"Motorcycle rider injured in collision with pedal cycle, driver, nontraffic accident, motor-scooter, moped or motorised bicycle"
V21.01,Motorcycle,"Motorcycle rider injured in collision with pedal cycle, driver, nontraffic accident, motorcycle designed primarily for on-road use"
V21.02,Motorcycle,"Motorcycle rider injured in collision with pedal cycle, driver, nontraffic accident, motorcycle designed primarily for off-road use"
V21.08,Motorcycle,"Motorcycle rider injured in collision with pedal cycle, driver, nontraffic accident, other specified motorcycle"
V21.09,Motorcycle,"Motorcycle rider injured in collision with pedal cycle, driver, nontraffic accident, unspecified motorcycle"
V21.10,Motorcycle,"Motorcycle rider injured in collision with pedal cycle, passenger, nontraffic accident, motor-scooter, moped or motorised bicycle"
V21.11,Motorcycle,"Motorcycle rider injured in collision with pedal cycle, passenger, nontraffic accident, motorcycle designed primarily for on-road use"
V21.12,Motorcycle,"Motorcycle rider injured in collision with pedal cycle, passenger, nontraffic accident, motorcycle designed primarily for off-road use"
V21.18,Motorcycle,"Motorcycle rider injured in collision with pedal cycle, passenger, nontraffic accident, other specified motorcycle"
V21.19,Motorcycle,"Motorcycle rider injured in collision with pedal cycle, passenger, nontraffic accident, unspecified motorcycle"
V21.20,Motorcycle,"Motorcycle rider injured in collision with pedal cycle, unspecified motorcycle rider, nontraffic accident, motor-scooter, moped or motorised bicycle"
V21.21,Motorcycle,"Motorcycle rider injured in collision with pedal cycle, unspecified motorcycle rider, nontraffic accident, motorcycle designed primarily for on-road use"
V21.22,Motorcycle,"Motorcycle rider injured in collision with pedal cycle, unspecified motorcycle rider, nontraffic accident, motorcycle designed primarily for off-road use"
V21.28,Motorcycle,"Motorcycle rider injured in collision with pedal cycle, unspecified motorcycle rider, nontraffic accident, other specified motorcycle"
V21.29,Motorcycle,"Motorcycle rider injured in collision with pedal cycle, unspecified motorcycle rider, nontraffic accident, unspecified motorcycle"
V21.30,Motorcycle,"Motorcycle rider injured in collision with pedal cycle, while boarding or alighting, motor-scooter, moped or motorised bicycle"
V21.31,Motorcycle,"Motorcycle rider injured in collision with pedal cycle, while boarding or alighting, motorcycle designed primarily for on-road use"
V21.32,Motorcycle,"Motorcycle rider injured in collision with pedal cycle, while boarding or alighting, motorcycle designed primarily for off-road use"
V21.38,Motorcycle,"Motorcycle rider injured in collision with pedal cycle, while boarding or alighting, other specified motorcycle"
V21.39,Motorcycle,"Motorcycle rider injured in collision with pedal cycle, while boarding or alighting, unspecified motorcycle"
V21.40,Motorcycle,"Motorcycle rider injured in collision with pedal cycle, driver, traffic accident, motor-scooter, moped or motorised bicycle"
V21.41,Motorcycle,"Motorcycle rider injured in collision with pedal cycle, driver, traffic accident, motorcycle designed primarily for on-road use"
V21.42,Motorcycle,"Motorcycle rider injured in collision with pedal cycle, driver, traffic accident, motorcycle designed primarily for off-road use"
V21.48,Motorcycle,"Motorcycle rider injured in collision with pedal cycle, driver, traffic accident, other specified motorcycle"
V21.49,Motorcycle,"Motorcycle rider injured in collision with pedal cycle, driver, traffic accident, unspecified motorcycle"
V21.50,Motorcycle,"Motorcycle rider injured in collision with pedal cycle, passenger, traffic accident, motor-scooter, moped or motorised bicycle"
V21.51,Motorcycle,"Motorcycle rider injured in collision with pedal cycle, passenger, traffic accident, motorcycle designed primarily for on-road use"
V21.52,Motorcycle,"Motorcycle rider injured in collision with pedal cycle, passenger, traffic accident, motorcycle designed primarily for off-road use"
V21.58,Motorcycle,"Motorcycle rider injured in collision with pedal cycle, passenger, traffic accident, other specified motorcycle"
V21.59,Motorcycle,"Motorcycle rider injured in collision with pedal cycle, passenger, traffic accident, unspecified motorcycle"
V21.90,Motorcycle,"Motorcycle rider injured in collision with pedal cycle, unspecified motorcycle rider, traffic accident, motor-scooter, moped or motorised bicycle"
V21.91,Motorcycle,"Motorcycle rider injured in collision with pedal cycle, unspecified motorcycle rider, traffic accident, motorcycle designed primarily for on-road use"
V21.92,Motorcycle,"Motorcycle rider injured in collision with pedal cycle, unspecified motorcycle rider, traffic accident, motorcycle designed primarily for off-road use"
V21.98,Motorcycle,"Motorcycle rider injured in collision with pedal cycle, unspecified motorcycle rider, traffic accident, other specified motorcycle"
V21.99,Motorcycle,"Motorcycle rider injured in collision with pedal cycle, unspecified motorcycle rider, traffic accident, unspecified motorcycle"
V22.00,Motorcycle,"Motorcycle rider injured in collision with two- or three-wheeled motor vehicle, driver, nontraffic accident, motor-scooter, moped or motorised bicycle"
V22.01,Motorcycle,"Motorcycle rider injured in collision with two- or three-wheeled motor vehicle, driver, nontraffic accident, motorcycle designed primarily for on-road use"
V22.02,Motorcycle,"Motorcycle rider injured in collision with two- or three-wheeled motor vehicle, driver, nontraffic accident, motorcycle designed primarily for off-road use"
V22.08,Motorcycle,"Motorcycle rider injured in collision with two- or three-wheeled motor vehicle, driver, nontraffic accident, other specified motorcycle"
V22.09,Motorcycle,"Motorcycle rider injured in collision with two- or three-wheeled motor vehicle, driver, nontraffic accident, unspecified motorcycle"
V22.10,Motorcycle,"Motorcycle rider injured in collision with two- or three-wheeled motor vehicle, passenger, nontraffic accident, motor-scooter, moped or motorised bicycle"
V22.11,Motorcycle,"Motorcycle rider injured in collision with two- or three-wheeled motor vehicle, passenger, nontraffic accident, motorcycle designed primarily for on-road use"
V22.12,Motorcycle,"Motorcycle rider injured in collision with two- or three-wheeled motor vehicle, passenger, nontraffic accident, motorcycle designed primarily for off-road use"
V22.18,Motorcycle,"Motorcycle rider injured in collision with two- or three-wheeled motor vehicle, passenger, nontraffic accident, other specified motorcycle"
V22.19,Motorcycle,"Motorcycle rider injured in collision with two- or three-wheeled motor vehicle, passenger, nontraffic accident, unspecified motorcycle"
V22.20,Motorcycle,"Motorcycle rider injured in collision with two- or three-wheeled motor vehicle, unspecified motorcycle rider, nontraffic accident, motor-scooter, moped or motorised bicycle"
V22.21,Motorcycle,"Motorcycle rider injured in collision with two- or three-wheeled motor vehicle, unspecified motorcycle rider, nontraffic accident, motorcycle designed primarily for on-road use"
V22.22,Motorcycle,"Motorcycle rider injured in collision with two- or three-wheeled motor vehicle, unspecified motorcycle rider, nontraffic accident, motorcycle designed primarily for off-road use"
V22.28,Motorcycle,"Motorcycle rider injured in collision with two- or three-wheeled motor vehicle, unspecified motorcycle rider, nontraffic accident, other specified motorcycle"
V22.29,Motorcycle,"Motorcycle rider injured in collision with two- or three-wheeled motor vehicle, unspecified motorcycle rider, nontraffic accident, unspecified motorcycle"
V22.30,Motorcycle,"Motorcycle rider injured in collision with two- or three-wheeled motor vehicle, while boarding or alighting, motor-scooter, moped or motorised bicycle"
V22.31,Motorcycle,"Motorcycle rider injured in collision with two- or three-wheeled motor vehicle, while boarding or alighting, motorcycle designed primarily for on-road use"
V22.32,Motorcycle,"Motorcycle rider injured in collision with two- or three-wheeled motor vehicle, while boarding or alighting, motorcycle designed primarily for off-road use"
V22.38,Motorcycle,"Motorcycle rider injured in collision with two- or three-wheeled motor vehicle, while boarding or alighting, other specified motorcycle"
V22.39,Motorcycle,"Motorcycle rider injured in collision with two- or three-wheeled motor vehicle, while boarding or alighting, unspecified motorcycle"
V22.40,Motorcycle,"Motorcycle rider injured in collision with two- or three-wheeled motor vehicle, driver, traffic accident, motor-scooter, moped or motorised bicycle"
V22.41,Motorcycle,"Motorcycle rider injured in collision with two- or three-wheeled motor vehicle, driver, traffic accident, motorcycle designed primarily for on-road use"
V22.42,Motorcycle,"Motorcycle rider injured in collision with two- or three-wheeled motor vehicle, driver, traffic accident, motorcycle designed primarily for off-road use"
V22.48,Motorcycle,"Motorcycle rider injured in collision with two- or three-wheeled motor vehicle, driver, traffic accident, other specified motorcycle"
V22.49,Motorcycle,"Motorcycle rider injured in collision with two- or three-wheeled motor vehicle, driver, traffic accident, unspecified motorcycle"
V22.50,Motorcycle,"Motorcycle rider injured in collision with two- or three-wheeled motor vehicle, passenger, traffic accident, motor-scooter, moped or motorised bicycle"
V22.51,Motorcycle,"Motorcycle rider injured in collision with two- or three-wheeled motor vehicle, passenger, traffic accident, motorcycle designed primarily for on-road use"
V22.52,Motorcycle,"Motorcycle rider injured in collision with two- or three-wheeled motor vehicle, passenger, traffic accident, motorcycle designed primarily for off-road use"
V22.58,Motorcycle,"Motorcycle rider injured in collision with two- or three-wheeled motor vehicle, passenger, traffic accident, other specified motorcycle"
V22.59,Motorcycle,"Motorcycle rider injured in collision with two- or three-wheeled motor vehicle, passenger, traffic accident, unspecified motorcycle"
V22.90,Motorcycle,"Motorcycle rider injured in collision with two- or three-wheeled motor vehicle, unspecified motorcycle rider, traffic accident, motor-scooter, moped or motorised bicycle"
V22.91,Motorcycle,"Motorcycle rider injured in collision with two- or three-wheeled motor vehicle, unspecified motorcycle rider, traffic accident, motorcycle designed primarily for on-road use"
V22.92,Motorcycle,"Motorcycle rider injured in collision with two- or three-wheeled motor vehicle, unspecified motorcycle rider, traffic accident, motorcycle designed primarily for off-road use"
V22.98,Motorcycle,"Motorcycle rider injured in collision with two- or three-wheeled motor vehicle, unspecified motorcycle rider, traffic accident, other specified motorcycle"
V22.99,Motorcycle,"Motorcycle rider injured in collision with two- or three-wheeled motor vehicle, unspecified motorcycle rider, traffic accident, unspecified motorcycle"
V23.00,Motorcycle,"Motorcycle rider injured in collision with car, pick-up truck or van, driver, nontraffic accident, motor-scooter, moped or motorised bicycle"
V23.01,Motorcycle,"Motorcycle rider injured in collision with car, pick-up truck or van, driver, nontraffic accident, motorcycle designed primarily for on-road use"
V23.02,Motorcycle,"Motorcycle rider injured in collision with car, pick-up truck or van, driver, nontraffic accident, motorcycle designed primarily for off-road use"
V23.08,Motorcycle,"Motorcycle rider injured in collision with car, pick-up truck or van, driver, nontraffic accident, other specified motorcycle"
V23.09,Motorcycle,"Motorcycle rider injured in collision with car, pick-up truck or van, driver, nontraffic accident, unspecified motorcycle"
V23.10,Motorcycle,"Motorcycle rider injured in collision with car, pick-up truck or van, passenger, nontraffic accident, motor-scooter, moped or motorised bicycle"
V23.11,Motorcycle,"Motorcycle rider injured in collision with car, pick-up truck or van, passenger, nontraffic accident, motorcycle designed primarily for on-road use"
V23.12,Motorcycle,"Motorcycle rider injured in collision with car, pick-up truck or van, passenger, nontraffic accident, motorcycle designed primarily for off-road use"
V23.18,Motorcycle,"Motorcycle rider injured in collision with car, pick-up truck or van, passenger, nontraffic accident, other specified motorcycle"
V23.19,Motorcycle,"Motorcycle rider injured in collision with car, pick-up truck or van, passenger, nontraffic accident, unspecified motorcycle"
V23.20,Motorcycle,"Motorcycle rider injured in collision with car, pick-up truck or van, unspecified motorcycle, nontraffic accident, motor-scooter, moped or motorised bicycle"
V23.21,Motorcycle,"Motorcycle rider injured in collision with car, pick-up truck or van, unspecified motorcycle, nontraffic accident, motorcycle designed primarily for on-road use"
V23.22,Motorcycle,"Motorcycle rider injured in collision with car, pick-up truck or van, unspecified motorcycle, nontraffic accident, motorcycle designed primarily for off-road use"
V23.28,Motorcycle,"Motorcycle rider injured in collision with car, pick-up truck or van, unspecified motorcycle, nontraffic accident, other specified motorcycle"
V23.29,Motorcycle,"Motorcycle rider injured in collision with car, pick-up truck or van, unspecified motorcycle, nontraffic accident, unspecified motorcycle"
V23.30,Motorcycle,"Motorcycle rider injured in collision with car, pick-up truck or van, while boarding or alighting, motor-scooter, moped or motorised bicycle"
V23.31,Motorcycle,"Motorcycle rider injured in collision with car, pick-up truck or van, while boarding or alighting, motorcycle designed primarily for on-road use"
V23.32,Motorcycle,"Motorcycle rider injured in collision with car, pick-up truck or van, while boarding or alighting, motorcycle designed primarily for off-road use"
V23.38,Motorcycle,"Motorcycle rider injured in collision with car, pick-up truck or van, while boarding or alighting, other specified motorcycle"
V23.39,Motorcycle,"Motorcycle rider injured in collision with car, pick-up truck or van, while boarding or alighting, unspecified motorcycle"
V23.40,Motorcycle,"Motorcycle rider injured in collision with car, pick-up truck or van, driver, traffic accident, motor-scooter, moped or motorised bicycle"
V23.41,Motorcycle,"Motorcycle rider injured in collision with car, pick-up truck or van, driver, traffic accident, motorcycle designed primarily for on-road use"
V23.42,Motorcycle,"Motorcycle rider injured in collision with car, pick-up truck or van, driver, traffic accident, motorcycle designed primarily for off-road use"
V23.48,Motorcycle,"Motorcycle rider injured in collision with car, pick-up truck or van, driver, traffic accident, other specified motorcycle"
V23.49,Motorcycle,"Motorcycle rider injured in collision with car, pick-up truck or van, driver, traffic accident, unspecified motorcycle"
V23.50,Motorcycle,"Motorcycle rider injured in collision with car, pick-up truck or van, passenger, traffic accident, motor-scooter, moped or motorised bicycle"
V23.51,Motorcycle,"Motorcycle rider injured in collision with car, pick-up truck or van, passenger, traffic accident, motorcycle designed primarily for on-road use"
V23.52,Motorcycle,"Motorcycle rider injured in collision with car, pick-up truck or van, passenger, traffic accident, motorcycle designed primarily for off-road use"
V23.58,Motorcycle,"Motorcycle rider injured in collision with car, pick-up truck or van, passenger, traffic accident, other specified motorcycle"
V23.59,Motorcycle,"Motorcycle rider injured in collision with car, pick-up truck or van, passenger, traffic accident, unspecified motorcycle"
V23.90,Motorcycle,"Motorcycle rider injured in collision with car, pick-up truck or van, unspecified motorcycle rider, traffic accident, motor-scooter, moped or motorised bicycle"
V23.91,Motorcycle,"Motorcycle rider injured in collision with car, pick-up truck or van, unspecified motorcycle rider, traffic accident, motorcycle designed primarily for on-road use"
V23.92,Motorcycle,"Motorcycle rider injured in collision with car, pick-up truck or van, unspecified motorcycle rider, traffic accident, motorcycle designed primarily for off-road use"
V23.98,Motorcycle,"Motorcycle rider injured in collision with car, pick-up truck or van, unspecified motorcycle rider, traffic accident, other specified motorcycle"
V23.99,Motorcycle,"Motorcycle rider injured in collision with car, pick-up truck or van, unspecified motorcycle rider, traffic accident, unspecified motorcycle"
V24.00,Motorcycle,"Motorcycle rider injured in collision with heavy transport vehicle or bus, driver, nontraffic accident, motor-scooter, moped or motorised bicycle"
V24.01,Motorcycle,"Motorcycle rider injured in collision with heavy transport vehicle or bus, driver, nontraffic accident, motorcycle designed primarily for on-road use"
V24.02,Motorcycle,"Motorcycle rider injured in collision with heavy transport vehicle or bus, driver, nontraffic accident, motorcycle designed primarily for off-road use"
V24.08,Motorcycle,"Motorcycle rider injured in collision with heavy transport vehicle or bus, driver, nontraffic accident, other specified motorcycle"
V24.09,Motorcycle,"Motorcycle rider injured in collision with heavy transport vehicle or bus, driver, nontraffic accident, unspecified motorcycle"
V24.10,Motorcycle,"Motorcycle rider injured in collision with heavy transport vehicle or bus, passenger, nontraffic accident, motor-scooter, moped or motorised bicycle"
V24.11,Motorcycle,"Motorcycle rider injured in collision with heavy transport vehicle or bus, passenger, nontraffic accident, motorcycle designed primarily for on-road use"
V24.12,Motorcycle,"Motorcycle rider injured in collision with heavy transport vehicle or bus, passenger, nontraffic accident, motorcycle designed primarily for off-road use"
V24.18,Motorcycle,"Motorcycle rider injured in collision with heavy transport vehicle or bus, passenger, nontraffic accident, other specified motorcycle"
V24.19,Motorcycle,"Motorcycle rider injured in collision with heavy transport vehicle or bus, passenger, nontraffic accident, unspecified motorcycle"
V24.20,Motorcycle,"Motorcycle rider injured in collision with heavy transport vehicle or bus, unspecified motorcycle rider, nontraffic accident, motor-scooter, moped or motorised bicycle"
V24.21,Motorcycle,"Motorcycle rider injured in collision with heavy transport vehicle or bus, unspecified motorcycle rider, nontraffic accident, motorcycle designed primarily for on-road use"
V24.22,Motorcycle,"Motorcycle rider injured in collision with heavy transport vehicle or bus, unspecified motorcycle rider, nontraffic accident, motorcycle designed primarily for off-road use"
V24.28,Motorcycle,"Motorcycle rider injured in collision with heavy transport vehicle or bus, unspecified motorcycle rider, nontraffic accident, other specified motorcycle"
V24.29,Motorcycle,"Motorcycle rider injured in collision with heavy transport vehicle or bus, unspecified motorcycle rider, nontraffic accident, unspecified motorcycle"
V24.30,Motorcycle,"Motorcycle rider injured in collision with heavy transport vehicle or bus, while boarding or alighting, motor-scooter, moped or motorised bicycle"
V24.31,Motorcycle,"Motorcycle rider injured in collision with heavy transport vehicle or bus, while boarding or alighting, motorcycle designed primarily for on-road use"
V24.32,Motorcycle,"Motorcycle rider injured in collision with heavy transport vehicle or bus, while boarding or alighting, motorcycle designed primarily for off-road use"
V24.38,Motorcycle,"Motorcycle rider injured in collision with heavy transport vehicle or bus, while boarding or alighting, other specified motorcycle"
V24.39,Motorcycle,"Motorcycle rider injured in collision with heavy transport vehicle or bus, while boarding or alighting, unspecified motorcycle"
V24.40,Motorcycle,"Motorcycle rider injured in collision with heavy transport vehicle or bus, driver, traffic accident, motor-scooter, moped or motorised bicycle"
V24.41,Motorcycle,"Motorcycle rider injured in collision with heavy transport vehicle or bus, driver, traffic accident, motorcycle designed primarily for on-road use"
V24.42,Motorcycle,"Motorcycle rider injured in collision with heavy transport vehicle or bus, driver, traffic accident, motorcycle designed primarily for off-road use"
V24.48,Motorcycle,"Motorcycle rider injured in collision with heavy transport vehicle or bus, driver, traffic accident, other specified motorcycle"
V24.49,Motorcycle,"Motorcycle rider injured in collision with heavy transport vehicle or bus, driver, traffic accident, unspecified motorcycle"
V24.50,Motorcycle,"Motorcycle rider injured in collision with heavy transport vehicle or bus, passenger, traffic accident, motor-scooter, moped or motorised bicycle"
V24.51,Motorcycle,"Motorcycle rider injured in collision with heavy transport vehicle or bus, passenger, traffic accident, motorcycle designed primarily for on-road use"
V24.52,Motorcycle,"Motorcycle rider injured in collision with heavy transport vehicle or bus, passenger, traffic accident, motorcycle designed primarily for off-road use"
V24.58,Motorcycle,"Motorcycle rider injured in collision with heavy transport vehicle or bus, passenger, traffic accident, other specified motorcycle"
V24.59,Motorcycle,"Motorcycle rider injured in collision with heavy transport vehicle or bus, passenger, traffic accident, unspecified motorcycle"
V24.90,Motorcycle,"Motorcycle rider injured in collision with heavy transport vehicle or bus, unspecified motorcycle rider, traffic accident, motor-scooter, moped or motorised bicycle"
V24.91,Motorcycle,"Motorcycle rider injured in collision with heavy transport vehicle or bus, unspecified motorcycle rider, traffic accident, motorcycle designed primarily for on-road use"
V24.92,Motorcycle,"Motorcycle rider injured in collision with heavy transport vehicle or bus, unspecified motorcycle rider, traffic accident, motorcycle designed primarily for off-road use"
V24.98,Motorcycle,"Motorcycle rider injured in collision with heavy transport vehicle or bus, unspecified motorcycle rider, traffic accident, other specified motorcycle"
V24.99,Motorcycle,"Motorcycle rider injured in collision with heavy transport vehicle or bus, unspecified motorcycle rider, traffic accident, unspecified motorcycle"
V25.00,Motorcycle,"Motorcycle rider injured in collision with railway train or railway vehicle, driver, nontraffic accident, motor-scooter, moped or motorised bicycle"
V25.01,Motorcycle,"Motorcycle rider injured in collision with railway train or railway vehicle, driver, nontraffic accident, motorcycle designed primarily for on-road use"
V25.02,Motorcycle,"Motorcycle rider injured in collision with railway train or railway vehicle, driver, nontraffic accident, motorcycle designed primarily for off-road use"
V25.08,Motorcycle,"Motorcycle rider injured in collision with railway train or railway vehicle, driver, nontraffic accident, other specified motorcycle"
V25.09,Motorcycle,"Motorcycle rider injured in collision with railway train or railway vehicle, driver, nontraffic accident, unspecified motorcycle"
V25.10,Motorcycle,"Motorcycle rider injured in collision with railway train or railway vehicle, passenger, nontraffic accident, motor-scooter, moped or motorised bicycle"
V25.11,Motorcycle,"Motorcycle rider injured in collision with railway train or railway vehicle, passenger, nontraffic accident, motorcycle designed primarily for on-road use"
V25.12,Motorcycle,"Motorcycle rider injured in collision with railway train or railway vehicle, passenger, nontraffic accident, motorcycle designed primarily for off-road use"
V25.18,Motorcycle,"Motorcycle rider injured in collision with railway train or railway vehicle, passenger, nontraffic accident, other specified motorcycle"
V25.19,Motorcycle,"Motorcycle rider injured in collision with railway train or railway vehicle, passenger, nontraffic accident, unspecified motorcycle"
V25.20,Motorcycle,"Motorcycle rider injured in collision with railway train or railway vehicle, unspecified motorcycle rider, nontraffic accident, motor-scooter, moped or motorised bicycle"
V25.21,Motorcycle,"Motorcycle rider injured in collision with railway train or railway vehicle, unspecified motorcycle rider, nontraffic accident, motorcycle designed primarily for on-road use"
V25.22,Motorcycle,"Motorcycle rider injured in collision with railway train or railway vehicle, unspecified motorcycle rider, nontraffic accident, motorcycle designed primarily for off-road use"
V25.28,Motorcycle,"Motorcycle rider injured in collision with railway train or railway vehicle, unspecified motorcycle rider, nontraffic accident, other specified motorcycle"
V25.29,Motorcycle,"Motorcycle rider injured in collision with railway train or railway vehicle, unspecified motorcycle rider, nontraffic accident, unspecified motorcycle"
V25.30,Motorcycle,"Motorcycle rider injured in collision with railway train or railway vehicle, while boarding or alighting, motor-scooter, moped or motorised bicycle"
V25.31,Motorcycle,"Motorcycle rider injured in collision with railway train or railway vehicle, while boarding or alighting, motorcycle designed primarily for on-road use"
V25.32,Motorcycle,"Motorcycle rider injured in collision with railway train or railway vehicle, while boarding or alighting, motorcycle designed primarily for off-road use"
V25.38,Motorcycle,"Motorcycle rider injured in collision with railway train or railway vehicle, while boarding or alighting, other specified motorcycle"
V25.39,Motorcycle,"Motorcycle rider injured in collision with railway train or railway vehicle, while boarding or alighting, unspecified motorcycle"
V25.40,Motorcycle,"Motorcycle rider injured in collision with railway train or railway vehicle, driver, traffic accident, motor-scooter, moped or motorised bicycle"
V25.41,Motorcycle,"Motorcycle rider injured in collision with railway train or railway vehicle, driver, traffic accident, motorcycle designed primarily for on-road use"
V25.42,Motorcycle,"Motorcycle rider injured in collision with railway train or railway vehicle, driver, traffic accident, motorcycle designed primarily for off-road use"
V25.48,Motorcycle,"Motorcycle rider injured in collision with railway train or railway vehicle, driver, traffic accident, other specified motorcycle"
V25.49,Motorcycle,"Motorcycle rider injured in collision with railway train or railway vehicle, driver, traffic accident, unspecified motorcycle"
V25.50,Motorcycle,"Motorcycle rider injured in collision with railway train or railway vehicle, passenger, traffic accident, motor-scooter, moped or motorised bicycle"
V25.51,Motorcycle,"Motorcycle rider injured in collision with railway train or railway vehicle, passenger, traffic accident, motorcycle designed primarily for on-road use"
V25.52,Motorcycle,"Motorcycle rider injured in collision with railway train or railway vehicle, passenger, traffic accident, motorcycle designed primarily for off-road use"
V25.58,Motorcycle,"Motorcycle rider injured in collision with railway train or railway vehicle, passenger, traffic accident, other specified motorcycle"
V25.59,Motorcycle,"Motorcycle rider injured in collision with railway train or railway vehicle, passenger, traffic accident, unspecified motorcycle"
V25.90,Motorcycle,"Motorcycle rider injured in collision with railway train or railway vehicle, unspecified motorcycle rider, traffic accident, motor-scooter, moped or motorised bicycle"
V25.91,Motorcycle,"Motorcycle rider injured in collision with railway train or railway vehicle, unspecified motorcycle rider, traffic accident, motorcycle designed primarily for on-road use"
V25.92,Motorcycle,"Motorcycle rider injured in collision with railway train or railway vehicle, unspecified motorcycle rider, traffic accident, motorcycle designed primarily for off-road use"
V25.98,Motorcycle,"Motorcycle rider injured in collision with railway train or railway vehicle, unspecified motorcycle rider, traffic accident, other specified motorcycle"
V25.99,Motorcycle,"Motorcycle rider injured in collision with railway train or railway vehicle, unspecified motorcycle rider, traffic accident, unspecified motorcycle"
V26.00,Motorcycle,"Motorcycle rider injured in collision with other nonmotor vehicle, driver, nontraffic accident, motor-scooter, moped or motorised bicycle"
V26.01,Motorcycle,"Motorcycle rider injured in collision with other nonmotor vehicle, driver, nontraffic accident, motorcycle designed primarily for on-road use"
V26.02,Motorcycle,"Motorcycle rider injured in collision with other nonmotor vehicle, driver, nontraffic accident, motorcycle designed primarily for off-road use"
V26.08,Motorcycle,"Motorcycle rider injured in collision with other nonmotor vehicle, driver, nontraffic accident, other specified motorcycle"
V26.09,Motorcycle,"Motorcycle rider injured in collision with other nonmotor vehicle, driver, nontraffic accident, unspecified motorcycle"
V26.10,Motorcycle,"Motorcycle rider injured in collision with other nonmotor vehicle, passenger, nontraffic accident, motor-scooter, moped or motorised bicycle"
V26.11,Motorcycle,"Motorcycle rider injured in collision with other nonmotor vehicle, passenger, nontraffic accident, motorcycle designed primarily for on-road use"
V26.12,Motorcycle,"Motorcycle rider injured in collision with other nonmotor vehicle, passenger, nontraffic accident, motorcycle designed primarily for off-road use"
V26.18,Motorcycle,"Motorcycle rider injured in collision with other nonmotor vehicle, passenger, nontraffic accident, other specified motorcycle"
V26.19,Motorcycle,"Motorcycle rider injured in collision with other nonmotor vehicle, passenger, nontraffic accident, unspecified motorcycle"
V26.20,Motorcycle,"Motorcycle rider injured in collision with other nonmotor vehicle, unspecified motorcycle rider, nontraffic accident, motor-scooter, moped or motorised bicycle"
V26.21,Motorcycle,"Motorcycle rider injured in collision with other nonmotor vehicle, unspecified motorcycle rider, nontraffic accident, motorcycle designed primarily for on-road use"
V26.22,Motorcycle,"Motorcycle rider injured in collision with other nonmotor vehicle, unspecified motorcycle rider, nontraffic accident, motorcycle designed primarily for off-road use"
V26.28,Motorcycle,"Motorcycle rider injured in collision with other nonmotor vehicle, unspecified motorcycle rider, nontraffic accident, other specified motorcycle"
V26.29,Motorcycle,"Motorcycle rider injured in collision with other nonmotor vehicle, unspecified motorcycle rider, nontraffic accident, unspecified motorcycle"
V26.30,Motorcycle,"Motorcycle rider injured in collision with other nonmotor vehicle, while boarding or alighting, motor-scooter, moped or motorised bicycle"
V26.31,Motorcycle,"Motorcycle rider injured in collision with other nonmotor vehicle, while boarding or alighting, motorcycle designed primarily for on-road use"
V26.32,Motorcycle,"Motorcycle rider injured in collision with other nonmotor vehicle, while boarding or alighting, motorcycle designed primarily for off-road use"
V26.38,Motorcycle,"Motorcycle rider injured in collision with other nonmotor vehicle, while boarding or alighting, other specified motorcycle"
V26.39,Motorcycle,"Motorcycle rider injured in collision with other nonmotor vehicle, while boarding or alighting, unspecified motorcycle"
V26.40,Motorcycle,"Motorcycle rider injured in collision with other nonmotor vehicle, driver, traffic accident, motor-scooter, moped or motorised bicycle"
V26.41,Motorcycle,"Motorcycle rider injured in collision with other nonmotor vehicle, driver, traffic accident, motorcycle designed primarily for on-road use"
V26.42,Motorcycle,"Motorcycle rider injured in collision with other nonmotor vehicle, driver, traffic accident, motorcycle designed primarily for off-road use"
V26.48,Motorcycle,"Motorcycle rider injured in collision with other nonmotor vehicle, driver, traffic accident, other specified motorcycle"
V26.49,Motorcycle,"Motorcycle rider injured in collision with other nonmotor vehicle, driver, traffic accident, unspecified motorcycle"
V26.50,Motorcycle,"Motorcycle rider injured in collision with other nonmotor vehicle, passenger, traffic accident, motor-scooter, moped or motorised bicycle"
V26.51,Motorcycle,"Motorcycle rider injured in collision with other nonmotor vehicle, passenger, traffic accident, motorcycle designed primarily for on-road use"
V26.52,Motorcycle,"Motorcycle rider injured in collision with other nonmotor vehicle, passenger, traffic accident, motorcycle designed primarily for off-road use"
V26.58,Motorcycle,"Motorcycle rider injured in collision with other nonmotor vehicle, passenger, traffic accident, other specified motorcycle"
V26.59,Motorcycle,"Motorcycle rider injured in collision with other nonmotor vehicle, passenger, traffic accident, unspecified motorcycle"
V26.90,Motorcycle,"Motorcycle rider injured in collision with other nonmotor vehicle, unspecified motorcycle rider, traffic accident, motor-scooter, moped or motorised bicycle"
V26.91,Motorcycle,"Motorcycle rider injured in collision with other nonmotor vehicle, unspecified motorcycle rider, traffic accident, motorcycle designed primarily for on-road use"
V26.92,Motorcycle,"Motorcycle rider injured in collision with other nonmotor vehicle, unspecified motorcycle rider, traffic accident, motorcycle designed primarily for off-road use"
V26.98,Motorcycle,"Motorcycle rider injured in collision with other nonmotor vehicle, unspecified motorcycle rider, traffic accident, other specified motorcycle"
V26.99,Motorcycle,"Motorcycle rider injured in collision with other nonmotor vehicle, unspecified motorcycle rider, traffic accident, unspecified motorcycle"
V27.00,Motorcycle,"Motorcycle rider injured in collision with fixed or stationary object, driver, nontraffic accident, motor-scooter, moped or motorised bicycle"
V27.01,Motorcycle,"Motorcycle rider injured in collision with fixed or stationary object, driver, nontraffic accident, motorcycle designed primarily for on-road use"
V27.02,Motorcycle,"Motorcycle rider injured in collision with fixed or stationary object, driver, nontraffic accident, motorcycle designed primarily for off-road use"
V27.08,Motorcycle,"Motorcycle rider injured in collision with fixed or stationary object, driver, nontraffic accident, other specified motorcycle"
V27.09,Motorcycle,"Motorcycle rider injured in collision with fixed or stationary object, driver, nontraffic accident, unspecified motorcycle"
V27.10,Motorcycle,"Motorcycle rider injured in collision with fixed or stationary object, passenger, nontraffic accident, motor-scooter, moped or motorised bicycle"
V27.11,Motorcycle,"Motorcycle rider injured in collision with fixed or stationary object, passenger, nontraffic accident, motorcycle designed primarily for on-road use"
V27.12,Motorcycle,"Motorcycle rider injured in collision with fixed or stationary object, passenger, nontraffic accident, motorcycle designed primarily for off-road use"
V27.18,Motorcycle,"Motorcycle rider injured in collision with fixed or stationary object, passenger, nontraffic accident, other specified motorcycle"
V27.19,Motorcycle,"Motorcycle rider injured in collision with fixed or stationary object, passenger, nontraffic accident, unspecified motorcycle"
V27.20,Motorcycle,"Motorcycle rider injured in collision with fixed or stationary object, unspecified motorcycle rider, nontraffic accident, motor-scooter, moped or motorised bicycle"
V27.21,Motorcycle,"Motorcycle rider injured in collision with fixed or stationary object, unspecified motorcycle rider, nontraffic accident, motorcycle designed primarily for on-road use"
V27.22,Motorcycle,"Motorcycle rider injured in collision with fixed or stationary object, unspecified motorcycle rider, nontraffic accident, motorcycle designed primarily for off-road use"
V27.28,Motorcycle,"Motorcycle rider injured in collision with fixed or stationary object, unspecified motorcycle rider, nontraffic accident, other specified motorcycle"
V27.29,Motorcycle,"Motorcycle rider injured in collision with fixed or stationary object, unspecified motorcycle rider, nontraffic accident, unspecified motorcycle"
V27.30,Motorcycle,"Motorcycle rider injured in collision with fixed or stationary object, while boarding or alighting, motor-scooter, moped or motorised bicycle"
V27.31,Motorcycle,"Motorcycle rider injured in collision with fixed or stationary object, while boarding or alighting, motorcycle designed primarily for on-road use"
V27.32,Motorcycle,"Motorcycle rider injured in collision with fixed or stationary object, while boarding or alighting, motorcycle designed primarily for off-road use"
V27.38,Motorcycle,"Motorcycle rider injured in collision with fixed or stationary object, while boarding or alighting, other specified motorcycle"
V27.39,Motorcycle,"Motorcycle rider injured in collision with fixed or stationary object, while boarding or alighting, unspecified motorcycle"
V27.40,Motorcycle,"Motorcycle rider injured in collision with fixed or stationary object, driver, traffic accident, motor-scooter, moped or motorised bicycle"
V27.41,Motorcycle,"Motorcycle rider injured in collision with fixed or stationary object, driver, traffic accident, motorcycle designed primarily for on-road use"
V27.42,Motorcycle,"Motorcycle rider injured in collision with fixed or stationary object, driver, traffic accident, motorcycle designed primarily for off-road use"
V27.48,Motorcycle,"Motorcycle rider injured in collision with fixed or stationary object, driver, traffic accident, other specified motorcycle"
V27.49,Motorcycle,"Motorcycle rider injured in collision with fixed or stationary object, driver, traffic accident, unspecified motorcycle"
V27.50,Motorcycle,"Motorcycle rider injured in collision with fixed or stationary object, passenger, traffic accident, motor-scooter, moped or motorised bicycle"
V27.51,Motorcycle,"Motorcycle rider injured in collision with fixed or stationary object, passenger, traffic accident, motorcycle designed primarily for on-road use"
V27.52,Motorcycle,"Motorcycle rider injured in collision with fixed or stationary object, passenger, traffic accident, motorcycle designed primarily for off-road use"
V27.58,Motorcycle,"Motorcycle rider injured in collision with fixed or stationary object, passenger, traffic accident, other specified motorcycle"
V27.59,Motorcycle,"Motorcycle rider injured in collision with fixed or stationary object, passenger, traffic accident, unspecified motorcycle"
V27.90,Motorcycle,"Motorcycle rider injured in collision with fixed or stationary object, unspecified motorcycle rider, traffic accident, motor-scooter, moped or motorised bicycle"
V27.91,Motorcycle,"Motorcycle rider injured in collision with fixed or stationary object, unspecified motorcycle rider, traffic accident, motorcycle designed primarily for on-road use"
V27.92,Motorcycle,"Motorcycle rider injured in collision with fixed or stationary object, unspecified motorcycle rider, traffic accident, motorcycle designed primarily for off-road use"
V27.98,Motorcycle,"Motorcycle rider injured in collision with fixed or stationary object, unspecified motorcycle rider, traffic accident, other specified motorcycle"
V27.99,Motorcycle,"Motorcycle rider injured in collision with fixed or stationary object, unspecified motorcycle rider, traffic accident, unspecified motorcycle"
V28.00,Motorcycle,"Motorcycle rider injured in noncollision transport accident, driver, nontraffic accident, motor-scooter, moped or motorised bicycle"
V28.01,Motorcycle,"Motorcycle rider injured in noncollision transport accident, driver, nontraffic accident, motorcycle designed primarily for on-road use"
V28.02,Motorcycle,"Motorcycle rider injured in noncollision transport accident, driver, nontraffic accident, motorcycle designed primarily for off-road use"
V28.08,Motorcycle,"Motorcycle rider injured in noncollision transport accident, driver, nontraffic accident, other specified motorcycle"
V28.09,Motorcycle,"Motorcycle rider injured in noncollision transport accident, driver, nontraffic accident, unspecified motorcycle"
V28.10,Motorcycle,"Motorcycle rider injured in noncollision transport accident, passenger, nontraffic accident, motor-scooter, moped or motorised bicycle"
V28.11,Motorcycle,"Motorcycle rider injured in noncollision transport accident, passenger, nontraffic accident, motorcycle designed primarily for on-road use"
V28.12,Motorcycle,"Motorcycle rider injured in noncollision transport accident, passenger, nontraffic accident, motorcycle designed primarily for off-road use"
V28.18,Motorcycle,"Motorcycle rider injured in noncollision transport accident, passenger, nontraffic accident, other specified motorcycle"
V28.19,Motorcycle,"Motorcycle rider injured in noncollision transport accident, passenger, nontraffic accident, unspecified motorcycle"
V28.20,Motorcycle,"Motorcycle rider injured in noncollision transport accident, unspecified motorcycle rider, nontraffic accident, motor-scooter, moped or motorised bicycle"
V28.21,Motorcycle,"Motorcycle rider injured in noncollision transport accident, unspecified motorcycle rider, nontraffic accident, motorcycle designed primarily for on-road use"
V28.22,Motorcycle,"Motorcycle rider injured in noncollision transport accident, unspecified motorcycle rider, nontraffic accident, motorcycle designed primarily for off-road use"
V28.28,Motorcycle,"Motorcycle rider injured in noncollision transport accident, unspecified motorcycle rider, nontraffic accident, other specified motorcycle"
V28.29,Motorcycle,"Motorcycle rider injured in noncollision transport accident, unspecified motorcycle rider, nontraffic accident, unspecified motorcycle"
V28.30,Motorcycle,"Motorcycle rider injured in noncollision transport accident, while boarding or alighting, motor-scooter, moped or motorised bicycle"
V28.31,Motorcycle,"Motorcycle rider injured in noncollision transport accident, while boarding or alighting, motorcycle designed primarily for on-road use"
V28.32,Motorcycle,"Motorcycle rider injured in noncollision transport accident, while boarding or alighting, motorcycle designed primarily for off-road use"
V28.38,Motorcycle,"Motorcycle rider injured in noncollision transport accident, while boarding or alighting, other specified motorcycle"
V28.39,Motorcycle,"Motorcycle rider injured in noncollision transport accident, while boarding or alighting, unspecified motorcycle"
V28.40,Motorcycle,"Motorcycle rider injured in noncollision transport accident, driver, traffic accident, motor-scooter, moped or motorised bicycle"
V28.41,Motorcycle,"Motorcycle rider injured in noncollision transport accident, driver, traffic accident, motorcycle designed primarily for on-road use"
V28.42,Motorcycle,"Motorcycle rider injured in noncollision transport accident, driver, traffic accident, motorcycle designed primarily for off-road use"
V28.48,Motorcycle,"Motorcycle rider injured in noncollision transport accident, driver, traffic accident, other specified motorcycle"
V28.49,Motorcycle,"Motorcycle rider injured in noncollision transport accident, driver, traffic accident, unspecified motorcycle"
V28.50,Motorcycle,"Motorcycle rider injured in noncollision transport accident, passenger, traffic accident, motor-scooter, moped or motorised bicycle"
V28.51,Motorcycle,"Motorcycle rider injured in noncollision transport accident, passenger, traffic accident, motorcycle designed primarily for on-road use"
V28.52,Motorcycle,"Motorcycle rider injured in noncollision transport accident, passenger, traffic accident, motorcycle designed primarily for off-road use"
V28.58,Motorcycle,"Motorcycle rider injured in noncollision transport accident, passenger, traffic accident, other specified motorcycle"
V28.59,Motorcycle,"Motorcycle rider injured in noncollision transport accident, passenger, traffic accident, unspecified motorcycle"
V28.90,Motorcycle,"Motorcycle rider injured in noncollision transport accident, unspecified motorcycle rider, traffic accident, motor-scooter, moped or motorised bicycle"
V28.91,Motorcycle,"Motorcycle rider injured in noncollision transport accident, unspecified motorcycle rider, traffic accident, motorcycle designed primarily for on-road use"
V28.92,Motorcycle,"Motorcycle rider injured in noncollision transport accident, unspecified motorcycle rider, traffic accident, motorcycle designed primarily for off-road use"
V28.98,Motorcycle,"Motorcycle rider injured in noncollision transport accident, unspecified motorcycle rider, traffic accident, other specified motorcycle"
V28.99,Motorcycle,"Motorcycle rider injured in noncollision transport accident, unspecified motorcycle rider, traffic accident, unspecified motorcycle"
V29.0,Motorcycle,Motorcycle rider injured in collision with other and unspecified motor vehicles in nontraffic accident
V29.1,Motorcycle,Motorcycle passenger injured in collision with other and unspecified motor vehicles in nontraffic accident
V29.2,Motorcycle,Unspecified motorcycle rider injured in collision with other and unspecified motor vehicles in nontraffic accident
V29.3,Motorcycle,Motorcycle rider [any] injured in unspecified nontraffic accident
V29.4,Motorcycle,Motorcycle rider injured in collision with other and unspecified motor vehicles in traffic accident
V29.40,Motor Vehicle,"Driver injured in collision with other and unspecified motor vehicles in traffic accident, while engaged in sports activity"
V29.5,Motorcycle,Motorcycle passenger injured in collision with other and unspecified motor vehicles in traffic accident
V29.6,Motorcycle,Unspecified motorcycle rider injured in collision with other and unspecified motor vehicles in traffic accident
V29.8,Motorcycle,Motorcycle rider [any] injured in other specified transport accidents
V29.9,Motorcycle,Motorcycle rider [any] injured in unspecified traffic accident
V30.0,Motor Vehicle,"Occupant of three-wheeled motor vehicle injured in collision with pedestrian or animal, driver, nontraffic accident"
V30.1,Motor Vehicle,"Occupant of three-wheeled motor vehicle injured in collision with pedestrian or animal, passenger, nontraffic accident"
V30.2,Motor Vehicle,"Occupant of three-wheeled motor vehicle injured in collision with pedestrian or animal, person on outside of vehicle, nontraffic accident"
V30.3,Motor Vehicle,"Occupant of three-wheeled motor vehicle injured in collision with pedestrian or animal, unspecified occupant of three-wheeled motor vehicle, nontraffic accident"
V30.4,Motor Vehicle,"Occupant of three-wheeled motor vehicle injured in collision with pedestrian or animal, while boarding or alighting"
V30.5,Motor Vehicle,"Occupant of three-wheeled motor vehicle injured in collision with pedestrian or animal, driver, traffic accident"
V30.6,Motor Vehicle,"Occupant of three-wheeled motor vehicle injured in collision with pedestrian or animal, passenger, traffic accident"
V30.7,Motor Vehicle,"Occupant of three-wheeled motor vehicle injured in collision with pedestrian or animal, person on outside of vehicle, traffic accident"
V30.9,Motor Vehicle,"Occupant of three-wheeled motor vehicle injured in collision with pedestrian or animal, unspecified occupant of three-wheeled motor vehicle, traffic accident"
V31.0,Motor Vehicle,"Occupant of three-wheeled motor vehicle injured in collision with pedal cycle, driver, nontraffic accident"
V31.1,Motor Vehicle,"Occupant of three-wheeled motor vehicle injured in collision with pedal cycle, passenger, nontraffic accident"
V31.2,Motor Vehicle,"Occupant of three-wheeled motor vehicle injured in collision with pedal cycle, person on outside of vehicle, nontraffic accident"
V31.3,Motor Vehicle,"Occupant of three-wheeled motor vehicle injured in collision with pedal cycle, unspecified occupant of three-wheeled motor vehicle, nontraffic accident"
V31.4,Motor Vehicle,"Occupant of three-wheeled motor vehicle injured in collision with pedal cycle, while boarding or alighting"
V31.5,Motor Vehicle,"Occupant of three-wheeled motor vehicle injured in collision with pedal cycle, driver, traffic accident"
V31.6,Motor Vehicle,"Occupant of three-wheeled motor vehicle injured in collision with pedal cycle, passenger, traffic accident"
V31.7,Motor Vehicle,"Occupant of three-wheeled motor vehicle injured in collision with pedal cycle, person on outside of vehicle, traffic accident"
V31.9,Motor Vehicle,"Occupant of three-wheeled motor vehicle injured in collision with pedal cycle, unspecified occupant of three-wheeled motor vehicle, traffic accident"
V32.0,Motor Vehicle,"Occupant of three-wheeled motor vehicle injured in collision with two- or three-wheeled motor vehicle, driver, nontraffic accident"
V32.1,Motor Vehicle,"Occupant of three-wheeled motor vehicle injured in collision with two- or three-wheeled motor vehicle, passenger, nontraffic accident"
V32.2,Motor Vehicle,"Occupant of three-wheeled motor vehicle injured in collision with two- or three-wheeled motor vehicle, person on outside of vehicle, nontraffic accident"
V32.3,Motor Vehicle,"Occupant of three-wheeled motor vehicle injured in collision with two- or three-wheeled motor vehicle, unspecified occupant of three-wheeled motor vehicle, nontraffic accident"
V32.4,Motor Vehicle,"Occupant of three-wheeled motor vehicle injured in collision with two- or three-wheeled motor vehicle, while boarding or alighting"
V32.5,Motor Vehicle,"Occupant of three-wheeled motor vehicle injured in collision with two- or three-wheeled motor vehicle, driver, traffic accident"
V32.6,Motor Vehicle,"Occupant of three-wheeled motor vehicle injured in collision with two- or three-wheeled motor vehicle, passenger, traffic accident"
V32.7,Motor Vehicle,"Occupant of three-wheeled motor vehicle injured in collision with two- or three-wheeled motor vehicle, person on outside of vehicle, traffic accident"
V32.9,Motor Vehicle,"Occupant of three-wheeled motor vehicle injured in collision with two- or three-wheeled motor vehicle, unspecified occupant of three-wheeled motor vehicle, traffic accident"
V33.0,Motor Vehicle,"Occupant of three-wheeled motor vehicle injured in collision with car, pick-up truck or van, driver, nontraffic accident"
V33.1,Motor Vehicle,"Occupant of three-wheeled motor vehicle injured in collision with car, pick-up truck or van, passenger, nontraffic accident"
V33.2,Motor Vehicle,"Occupant of three-wheeled motor vehicle injured in collision with car, pick-up truck or van, person on outside of vehicle, nontraffic accident"
V33.3,Motor Vehicle,"Occupant of three-wheeled motor vehicle injured in collision with car, pick-up truck or van, unspecified occupant of three-wheeled motor vehicle, nontraffic accident"
V33.4,Motor Vehicle,"Occupant of three-wheeled motor vehicle injured in collision with car, pick-up truck or van, while boarding or alighting"
V33.5,Motor Vehicle,"Occupant of three-wheeled motor vehicle injured in collision with car, pick-up truck or van, driver, traffic accident"
V33.6,Motor Vehicle,"Occupant of three-wheeled motor vehicle injured in collision with car, pick-up truck or van, passenger, traffic accident"
V33.7,Motor Vehicle,"Occupant of three-wheeled motor vehicle injured in collision with car, pick-up truck or van, person on outside of vehicle, traffic accident"
V33.9,Motor Vehicle,"Occupant of three-wheeled motor vehicle injured in collision with car, pick-up truck or van, unspecified occupant of three-wheeled motor vehicle, traffic accident"
V34.0,Motor Vehicle,"Occupant of three-wheeled motor vehicle injured in collision with heavy transport vehicle or bus, driver, nontraffic accident"
V34.1,Motor Vehicle,"Occupant of three-wheeled motor vehicle injured in collision with heavy transport vehicle or bus, passenger, nontraffic accident"
V34.2,Motor Vehicle,"Occupant of three-wheeled motor vehicle injured in collision with heavy transport vehicle or bus, person on outside of vehicle, nontraffic accident"
V34.3,Motor Vehicle,"Occupant of three-wheeled motor vehicle injured in collision with heavy transport vehicle or bus, unspecified occupant of three-wheeled motor vehicle, nontraffic accident"
V34.4,Motor Vehicle,"Occupant of three-wheeled motor vehicle injured in collision with heavy transport vehicle or bus, while boarding or alighting"
V34.5,Motor Vehicle,"Occupant of three-wheeled motor vehicle injured in collision with heavy transport vehicle or bus, driver, traffic accident"
V34.6,Motor Vehicle,"Occupant of three-wheeled motor vehicle injured in collision with heavy transport vehicle or bus, passenger, traffic accident"
V34.7,Motor Vehicle,"Occupant of three-wheeled motor vehicle injured in collision with heavy transport vehicle or bus, person on outside of vehicle, traffic accident"
V34.9,Motor Vehicle,"Occupant of three-wheeled motor vehicle injured in collision with heavy transport vehicle or bus, unspecified occupant of three-wheeled motor vehicle, traffic accident"
V35.0,Motor Vehicle,"Occupant of three-wheeled motor vehicle injured in collision with railway train or railway vehicle, driver, nontraffic accident"
V35.1,Motor Vehicle,"Occupant of three-wheeled motor vehicle injured in collision with railway train or railway vehicle, passenger, nontraffic accident"
V35.2,Motor Vehicle,"Occupant of three-wheeled motor vehicle injured in collision with railway train or railway vehicle, person on outside of vehicle, nontraffic accident"
V35.3,Motor Vehicle,"Occupant of three-wheeled motor vehicle injured in collision with railway train or railway vehicle, unspecified occupant of three-wheeled motor vehicle, nontraffic accident"
V35.4,Motor Vehicle,"Occupant of three-wheeled motor vehicle injured in collision with railway train or railway vehicle, while boarding or alighting"
V35.5,Motor Vehicle,"Occupant of three-wheeled motor vehicle injured in collision with railway train or railway vehicle, driver, traffic accident"
V35.6,Motor Vehicle,"Occupant of three-wheeled motor vehicle injured in collision with railway train or railway vehicle, passenger, traffic accident"
V35.7,Motor Vehicle,"Occupant of three-wheeled motor vehicle injured in collision with railway train or railway vehicle, person on outside of vehicle, traffic accident"
V35.9,Motor Vehicle,"Occupant of three-wheeled motor vehicle injured in collision with railway train or railway vehicle, unspecified occupant of three-wheeled motor vehicle, traffic accident"
V36.0,Motor Vehicle,"Occupant of three-wheeled motor vehicle injured in collision with other nonmotor vehicle, driver, nontraffic accident"
V36.1,Motor Vehicle,"Occupant of three-wheeled motor vehicle injured in collision with other nonmotor vehicle, passenger, nontraffic accident"
V36.2,Motor Vehicle,"Occupant of three-wheeled motor vehicle injured in collision with other nonmotor vehicle, person on outside of vehicle, nontraffic accident"
V36.3,Motor Vehicle,"Occupant of three-wheeled motor vehicle injured in collision with other nonmotor vehicle, unspecified occupant of three-wheeled motor vehicle, nontraffic accident"
V36.4,Motor Vehicle,"Occupant of three-wheeled motor vehicle injured in collision with other nonmotor vehicle, while boarding or alighting"
V36.5,Motor Vehicle,"Occupant of three-wheeled motor vehicle injured in collision with other nonmotor vehicle, driver, traffic accident"
V36.6,Motor Vehicle,"Occupant of three-wheeled motor vehicle injured in collision with other nonmotor vehicle, passenger, traffic accident"
V36.7,Motor Vehicle,"Occupant of three-wheeled motor vehicle injured in collision with other nonmotor vehicle, person on outside of vehicle, traffic accident"
V36.9,Motor Vehicle,"Occupant of three-wheeled motor vehicle injured in collision with other nonmotor vehicle, unspecified occupant of three-wheeled motor vehicle, traffic accident"
V37.0,Motor Vehicle,"Occupant of three-wheeled motor vehicle injured in collision with fixed or stationary object, driver nontraffic accident"
V37.1,Motor Vehicle,"Occupant of three-wheeled motor vehicle injured in collision with fixed or stationary object, passenger, nontraffic accident"
V37.2,Motor Vehicle,"Occupant of three-wheeled motor vehicle injured in collision with fixed or stationary object, person on outside of vehicle, nontraffic accident"
V37.3,Motor Vehicle,"Occupant of three-wheeled motor vehicle injured in collision with fixed or stationary object, unspecified occupant of three-wheeled motor vehicle, nontraffic accident"
V37.4,Motor Vehicle,"Occupant of three-wheeled motor vehicle injured in collision with fixed or stationary object, while boarding or alighting"
V37.5,Motor Vehicle,"Occupant of three-wheeled motor vehicle injured in collision with fixed or stationary object, driver, traffic accident"
V37.6,Motor Vehicle,"Occupant of three-wheeled motor vehicle injured in collision with fixed or stationary object, passenger, traffic accident"
V37.7,Motor Vehicle,"Occupant of three-wheeled motor vehicle injured in collision with fixed or stationary object, person on outside of vehicle, traffic accident"
V37.9,Motor Vehicle,"Occupant of three-wheeled motor vehicle injured in collision with fixed or stationary object, unspecified occupant of three-wheeled motor vehicle, traffic accident"
V38.0,Motor Vehicle,"Occupant of three-wheeled motor vehicle injured in noncollision transport accident, driver, nontraffic accident"
V38.1,Motor Vehicle,"Occupant of three-wheeled motor vehicle injured in noncollision transport accident, passenger, nontraffic accident"
V38.2,Motor Vehicle,"Occupant of three-wheeled motor vehicle injured in noncollision transport accident, person on outside of vehicle, nontraffic accident"
V38.3,Motor Vehicle,"Occupant of three-wheeled motor vehicle injured in noncollision transport accident, unspecified occupant of three-wheeled motor vehicle, nontraffic accident"
V38.4,Motor Vehicle,"Occupant of three-wheeled motor vehicle injured in noncollision transport accident, while boarding or alighting"
V38.5,Motor Vehicle,"Occupant of three-wheeled motor vehicle injured in noncollision transport accident, driver, traffic accident"
V38.6,Motor Vehicle,"Occupant of three-wheeled motor vehicle injured in noncollision transport accident, passenger, traffic accident"
V38.7,Motor Vehicle,"Occupant of three-wheeled motor vehicle injured in noncollision transport accident, person on outside of vehicle, traffic accident"
V38.9,Motor Vehicle,"Occupant of three-wheeled motor vehicle injured in noncollision transport accident, unspecified occupant of three-wheeled motor vehicle, traffic accident"
V39.0,Motor Vehicle,Driver of three-wheeled motor vehicle injured in collision with other and unspecified motor vehicles in nontraffic accident
V39.1,Motor Vehicle,Passenger of three-wheeled motor vehicle injured in collision with other and unspecified motor vehicles in nontraffic accident
V39.2,Motor Vehicle,Unspecified occupant of three-wheeled motor vehicle injured in collision with other and unspecified motor vehicles in nontraffic accident
V39.3,Motor Vehicle,Occupant [any] of three-wheeled motor vehicle injured in unspecified nontraffic accident
V39.4,Motor Vehicle,Driver of three-wheeled motor vehicle injured in collision with other and unspecified motor vehicles in traffic accident
V39.5,Motor Vehicle,Passenger of three-wheeled motor vehicle injured in collision with other and unspecified motor vehicles in traffic accident
V39.6,Motor Vehicle,Unspecified occupant of three-wheeled motor vehicle injured in collision with other and unspecified motor vehicles in traffic accident
V39.8,Motor Vehicle,Occupant [any] of three-wheeled motor vehicle injured in other specified transport accidents
V39.9,Motor Vehicle,Occupant [any] of three-wheeled motor vehicle injured in unspecified traffic accident
V40.00,Motor Vehicle,"Car occupant injured in collision with pedestrian or animal, driver, nontraffic accident, sedan"
V40.01,Motor Vehicle,"Car occupant injured in collision with pedestrian or animal, driver, nontraffic accident, all-terrain four-wheel drive"
V40.02,Motor Vehicle,"Car occupant injured in collision with pedestrian or animal, driver, nontraffic accident, four-wheeled motorcycle"
V40.03,Motor Vehicle,"Car occupant injured in collision with pedestrian or animal, driver, nontraffic accident, passenger van"
V40.08,Motor Vehicle,"Car occupant injured in collision with pedestrian or animal, driver, nontraffic accident, other specified car [automobile]"
V40.09,Motor Vehicle,"Car occupant injured in collision with pedestrian or animal, driver, nontraffic accident, unspecified car [automobile]"
V40.10,Motor Vehicle,"Car occupant injured in collision with pedestrian or animal, passenger, nontraffic accident, sedan"
V40.11,Motor Vehicle,"Car occupant injured in collision with pedestrian or animal, passenger, nontraffic accident, all-terrain four-wheel drive"
V40.12,Motor Vehicle,"Car occupant injured in collision with pedestrian or animal, passenger, nontraffic accident, four-wheeled motorcycle"
V40.13,Motor Vehicle,"Car occupant injured in collision with pedestrian or animal, passenger, nontraffic accident, passenger van"
V40.18,Motor Vehicle,"Car occupant injured in collision with pedestrian or animal, passenger, nontraffic accident, other specified car [automobile]"
V40.19,Motor Vehicle,"Car occupant injured in collision with pedestrian or animal, passenger, nontraffic accident, unspecified car [automobile]"
V40.20,Motor Vehicle,"Car occupant injured in collision with pedestrian or animal, person on outside of vehicle, nontraffic accident, sedan"
V40.21,Motor Vehicle,"Car occupant injured in collision with pedestrian or animal, person on outside of vehicle, nontraffic accident, all-terrain four-wheel drive"
V40.22,Motor Vehicle,"Car occupant injured in collision with pedestrian or animal, person on outside of vehicle, nontraffic accident, four-wheeled motorcycle"
V40.23,Motor Vehicle,"Car occupant injured in collision with pedestrian or animal, person on outside of vehicle, nontraffic accident, passenger van"
V40.28,Motor Vehicle,"Car occupant injured in collision with pedestrian or animal, person on outside of vehicle, nontraffic accident, other specified car [automobile]"
V40.29,Motor Vehicle,"Car occupant injured in collision with pedestrian or animal, person on outside of vehicle, nontraffic accident, unspecified car [automobile]"
V40.30,Motor Vehicle,"Car occupant injured in collision with pedestrian or animal, unspecified car occupant, nontraffic accident, sedan"
V40.31,Motor Vehicle,"Car occupant injured in collision with pedestrian or animal, unspecified car occupant, nontraffic accident, all-terrain four-wheel drive"
V40.32,Motor Vehicle,"Car occupant injured in collision with pedestrian or animal, unspecified car occupant, nontraffic accident, four-wheeled motorcycle"
V40.33,Motor Vehicle,"Car occupant injured in collision with pedestrian or animal, unspecified car occupant, nontraffic accident, passenger van"
V40.38,Motor Vehicle,"Car occupant injured in collision with pedestrian or animal, unspecified car occupant, nontraffic accident, other specified car [automobile]"
V40.39,Motor Vehicle,"Car occupant injured in collision with pedestrian or animal, unspecified car occupant, nontraffic accident, unspecified car [automobile]"
V40.40,Motor Vehicle,"Car occupant injured in collision with pedestrian or animal, while boarding or alighting, sedan"
V40.41,Motor Vehicle,"Car occupant injured in collision with pedestrian or animal, while boarding or alighting, all-terrain four-wheel drive"
V40.42,Motor Vehicle,"Car occupant injured in collision with pedestrian or animal, while boarding or alighting, four-wheeled motorcycle"
V40.43,Motor Vehicle,"Car occupant injured in collision with pedestrian or animal, while boarding or alighting, passenger van"
V40.48,Motor Vehicle,"Car occupant injured in collision with pedestrian or animal, while boarding or alighting, other specified car [automobile]"
V40.49,Motor Vehicle,"Car occupant injured in collision with pedestrian or animal, while boarding or alighting, unspecified car [automobile]"
V40.50,Motor Vehicle,"Car occupant injured in collision with pedestrian or animal, driver, traffic accident, sedan"
V40.51,Motor Vehicle,"Car occupant injured in collision with pedestrian or animal, driver, traffic accident, all-terrain four-wheel drive"
V40.52,Motor Vehicle,"Car occupant injured in collision with pedestrian or animal, driver, traffic accident, four-wheeled motorcycle"
V40.53,Motor Vehicle,"Car occupant injured in collision with pedestrian or animal, driver, traffic accident, passenger van"
V40.58,Motor Vehicle,"Car occupant injured in collision with pedestrian or animal, driver, traffic accident, other specified car [automobile]"
V40.59,Motor Vehicle,"Car occupant injured in collision with pedestrian or animal, driver, traffic accident, unspecified car [automobile]"
V40.60,Motor Vehicle,"Car occupant injured in collision with pedestrian or animal, passenger, traffic accident, sedan"
V40.61,Motor Vehicle,"Car occupant injured in collision with pedestrian or animal, passenger, traffic accident, all-terrain four-wheel drive"
V40.62,Motor Vehicle,"Car occupant injured in collision with pedestrian or animal, passenger, traffic accident, four-wheeled motorcycle"
V40.63,Motor Vehicle,"Car occupant injured in collision with pedestrian or animal, passenger, traffic accident, passenger van"
V40.68,Motor Vehicle,"Car occupant injured in collision with pedestrian or animal, passenger, traffic accident, other specified car [automobile]"
V40.69,Motor Vehicle,"Car occupant injured in collision with pedestrian or animal, passenger, traffic accident, unspecified car [automobile]"
V40.70,Motor Vehicle,"Car occupant injured in collision with pedestrian or animal, person on outside of vehicle, traffic accident, sedan"
V40.71,Motor Vehicle,"Car occupant injured in collision with pedestrian or animal, person on outside of vehicle, traffic accident, all-terrain four-wheel drive"
V40.72,Motor Vehicle,"Car occupant injured in collision with pedestrian or animal, person on outside of vehicle, traffic accident, four-wheeled motorcycle"
V40.73,Motor Vehicle,"Car occupant injured in collision with pedestrian or animal, person on outside of vehicle, traffic accident, passenger van"
V40.78,Motor Vehicle,"Car occupant injured in collision with pedestrian or animal, person on outside of vehicle, traffic accident, other specified car [automobile]"
V40.79,Motor Vehicle,"Car occupant injured in collision with pedestrian or animal, person on outside of vehicle, traffic accident, unspecified car [automobile]"
V40.90,Motor Vehicle,"Car occupant injured in collision with pedestrian or animal, unspecified car occupant, traffic accident, sedan"
V40.91,Motor Vehicle,"Car occupant injured in collision with pedestrian or animal, unspecified car occupant, traffic accident, all-terrain four-wheel drive"
V40.92,Motor Vehicle,"Car occupant injured in collision with pedestrian or animal, unspecified car occupant, traffic accident, four-wheeled motorcycle"
V40.93,Motor Vehicle,"Car occupant injured in collision with pedestrian or animal, unspecified car occupant, traffic accident, passenger van"
V40.98,Motor Vehicle,"Car occupant injured in collision with pedestrian or animal, unspecified car occupant, traffic accident, other specified car [automobile]"
V40.99,Motor Vehicle,"Car occupant injured in collision with pedestrian or animal, unspecified car occupant, traffic accident, unspecified car [automobile]"
V41.00,Motor Vehicle,"Car occupant injured in collision with pedal cycle, driver, nontraffic accident, sedan"
V41.01,Motor Vehicle,"Car occupant injured in collision with pedal cycle, driver, nontraffic accident, all-terrain four-wheel drive"
V41.02,Motor Vehicle,"Car occupant injured in collision with pedal cycle, driver, nontraffic accident, four-wheeled motorcycle"
V41.03,Motor Vehicle,"Car occupant injured in collision with pedal cycle, driver, nontraffic accident, passenger van"
V41.08,Motor Vehicle,"Car occupant injured in collision with pedal cycle, driver, nontraffic accident, other specified car [automobile]"
V41.09,Motor Vehicle,"Car occupant injured in collision with pedal cycle, driver, nontraffic accident, unspecified car [automobile]"
V41.10,Motor Vehicle,"Car occupant injured in collision with pedal cycle, passenger, nontraffic accident, sedan"
V41.11,Motor Vehicle,"Car occupant injured in collision with pedal cycle, passenger, nontraffic accident, all-terrain four-wheel drive"
V41.12,Motor Vehicle,"Car occupant injured in collision with pedal cycle, passenger, nontraffic accident, four-wheeled motorcycle"
V41.13,Motor Vehicle,"Car occupant injured in collision with pedal cycle, passenger, nontraffic accident, passenger van"
V41.18,Motor Vehicle,"Car occupant injured in collision with pedal cycle, passenger, nontraffic accident, other specified car [automobile]"
V41.19,Motor Vehicle,"Car occupant injured in collision with pedal cycle, passenger, nontraffic accident, unspecified car [automobile]"
V41.20,Motor Vehicle,"Car occupant injured in collision with pedal cycle, person on outside of vehicle, nontraffic accident, sedan"
V41.21,Motor Vehicle,"Car occupant injured in collision with pedal cycle, person on outside of vehicle, nontraffic accident, all-terrain four-wheel drive"
V41.22,Motor Vehicle,"Car occupant injured in collision with pedal cycle, person on outside of vehicle, nontraffic accident, four-wheeled motorcycle"
V41.23,Motor Vehicle,"Car occupant injured in collision with pedal cycle, person on outside of vehicle, nontraffic accident, passenger van"
V41.28,Motor Vehicle,"Car occupant injured in collision with pedal cycle, person on outside of vehicle, nontraffic accident, other specified car [automobile]"
V41.29,Motor Vehicle,"Car occupant injured in collision with pedal cycle, person on outside of vehicle, nontraffic accident, unspecified car [automobile]"
V41.30,Motor Vehicle,"Car occupant injured in collision with pedal cycle, unspecified car occupant, nontraffic accident, sedan"
V41.31,Motor Vehicle,"Car occupant injured in collision with pedal cycle, unspecified car occupant, nontraffic accident, all-terrain four-wheel drive"
V41.32,Motor Vehicle,"Car occupant injured in collision with pedal cycle, unspecified car occupant, nontraffic accident, four-wheeled motorcycle"
V41.33,Motor Vehicle,"Car occupant injured in collision with pedal cycle, unspecified car occupant, nontraffic accident, passenger van"
V41.38,Motor Vehicle,"Car occupant injured in collision with pedal cycle, unspecified car occupant, nontraffic accident, other specified car [automobile]"
V41.39,Motor Vehicle,"Car occupant injured in collision with pedal cycle, unspecified car occupant, nontraffic accident, unspecified car [automobile]"
V41.40,Motor Vehicle,"Car occupant injured in collision with pedal cycle, while boarding or alighting, sedan"
V41.41,Motor Vehicle,"Car occupant injured in collision with pedal cycle, while boarding or alighting, all-terrain four-wheel drive"
V41.42,Motor Vehicle,"Car occupant injured in collision with pedal cycle, while boarding or alighting, four-wheeled motorcycle"
V41.43,Motor Vehicle,"Car occupant injured in collision with pedal cycle, while boarding or alighting, passenger van"
V41.48,Motor Vehicle,"Car occupant injured in collision with pedal cycle, while boarding or alighting, other specified car [automobile]"
V41.49,Motor Vehicle,"Car occupant injured in collision with pedal cycle, while boarding or alighting, unspecified car [automobile]"
V41.50,Motor Vehicle,"Car occupant injured in collision with pedal cycle, driver, traffic accident, sedan"
V41.51,Motor Vehicle,"Car occupant injured in collision with pedal cycle, driver, traffic accident, all-terrain four-wheel drive"
V41.52,Motor Vehicle,"Car occupant injured in collision with pedal cycle, driver, traffic accident, four-wheeled motorcycle"
V41.53,Motor Vehicle,"Car occupant injured in collision with pedal cycle, driver, traffic accident, passenger van"
V41.58,Motor Vehicle,"Car occupant injured in collision with pedal cycle, driver, traffic accident, other specified car [automobile"
V41.59,Motor Vehicle,"Car occupant injured in collision with pedal cycle, driver, traffic accident, unspecified car [automobile]"
V41.60,Motor Vehicle,"Car occupant injured in collision with pedal cycle, passenger, traffic accident, sedan"
V41.61,Motor Vehicle,"Car occupant injured in collision with pedal cycle, passenger, traffic accident, all-terrain four-wheel drive"
V41.62,Motor Vehicle,"Car occupant injured in collision with pedal cycle, passenger, traffic accident, four-wheeled motorcycle"
V41.63,Motor Vehicle,"Car occupant injured in collision with pedal cycle, passenger, traffic accident, passenger van"
V41.68,Motor Vehicle,"Car occupant injured in collision with pedal cycle, passenger, traffic accident, other specified car [automobile]"
V41.69,Motor Vehicle,"Car occupant injured in collision with pedal cycle, passenger, traffic accident, unspecified car [automobile]"
V41.70,Motor Vehicle,"Car occupant injured in collision with pedal cycle, person on outside of vehicle, traffic accident, sedan"
V41.71,Motor Vehicle,"Car occupant injured in collision with pedal cycle, person on outside of vehicle, traffic accident, all-terrain four-wheel drive"
V41.72,Motor Vehicle,"Car occupant injured in collision with pedal cycle, person on outside of vehicle, traffic accident, four-wheeled motorcycle"
V41.73,Motor Vehicle,"Car occupant injured in collision with pedal cycle, person on outside of vehicle, traffic accident, passenger van"
V41.78,Motor Vehicle,"Car occupant injured in collision with pedal cycle, person on outside of vehicle, traffic accident, other specified car [automobile]"
V41.79,Motor Vehicle,"Car occupant injured in collision with pedal cycle, person on outside of vehicle, traffic accident, unspecified car [automobile]"
V41.90,Motor Vehicle,"Car occupant injured in collision with pedal cycle, unspecified car occupant, traffic accident, sedan"
V41.91,Motor Vehicle,"Car occupant injured in collision with pedal cycle, unspecified car occupant, traffic accident, all-terrain four-wheel drive"
V41.92,Motor Vehicle,"Car occupant injured in collision with pedal cycle, unspecified car occupant, traffic accident, four-wheeled motorcycle"
V41.93,Motor Vehicle,"Car occupant injured in collision with pedal cycle, unspecified car occupant, traffic accident, passenger van"
V41.98,Motor Vehicle,"Car occupant injured in collision with pedal cycle, unspecified car occupant, traffic accident, other specified car [automobile]"
V41.99,Motor Vehicle,"Car occupant injured in collision with pedal cycle, unspecified car occupant, traffic accident, unspecified car [automobile]"
V42.00,Motor Vehicle,"Car occupant injured in collision with two- or three-wheeled motor vehicle, driver, nontraffic accident, sedan"
V42.01,Motor Vehicle,"Car occupant injured in collision with two- or three-wheeled motor vehicle, driver, nontraffic accident, all-terrain four-wheel drive"
V42.02,Motor Vehicle,"Car occupant injured in collision with two- or three-wheeled motor vehicle, driver, nontraffic accident, four-wheeled motorcycle"
V42.03,Motor Vehicle,"Car occupant injured in collision with two- or three-wheeled motor vehicle, driver, nontraffic accident, passenger van"
V42.08,Motor Vehicle,"Car occupant injured in collision with two- or three-wheeled motor vehicle, driver, nontraffic accident, other specified car [automobile]"
V42.09,Motor Vehicle,"Car occupant injured in collision with two- or three-wheeled motor vehicle, driver, nontraffic accident, unspecified car [automobile]"
V42.10,Motor Vehicle,"Car occupant injured in collision with two- or three-wheeled motor vehicle, passenger, nontraffic accident, sedan"
V42.11,Motor Vehicle,"Car occupant injured in collision with two- or three-wheeled motor vehicle, passenger, nontraffic accident, all-terrain four-wheel drive"
V42.12,Motor Vehicle,"Car occupant injured in collision with two- or three-wheeled motor vehicle, passenger, nontraffic accident, four-wheeled motorcycle"
V42.13,Motor Vehicle,"Car occupant injured in collision with two- or three-wheeled motor vehicle, passenger, nontraffic accident, passenger van"
V42.18,Motor Vehicle,"Car occupant injured in collision with two- or three-wheeled motor vehicle, passenger, nontraffic accident, other specified car [automobile]"
V42.19,Motor Vehicle,"Car occupant injured in collision with two- or three-wheeled motor vehicle, passenger, nontraffic accident, unspecified car [automobile]"
V42.20,Motor Vehicle,"Car occupant injured in collision with two- or three-wheeled motor vehicle, person on outside of vehicle, nontraffic accident, sedan"
V42.21,Motor Vehicle,"Car occupant injured in collision with two- or three-wheeled motor vehicle, person on outside of vehicle, nontraffic accident, all-terrain four-wheel drive"
V42.22,Motor Vehicle,"Car occupant injured in collision with two- or three-wheeled motor vehicle, person on outside of vehicle, nontraffic accident, four-wheeled motorcycle"
V42.23,Motor Vehicle,"Car occupant injured in collision with two- or three-wheeled motor vehicle, person on outside of vehicle, nontraffic accident, passenger van"
V42.28,Motor Vehicle,"Car occupant injured in collision with two- or three-wheeled motor vehicle, person on outside of vehicle, nontraffic accident, other specified car [automobile]"
V42.29,Motor Vehicle,"Car occupant injured in collision with two- or three-wheeled motor vehicle, person on outside of vehicle, nontraffic accident, unspecified car [automobile]"
V42.30,Motor Vehicle,"Car occupant injured in collision with two- or three-wheeled motor vehicle, unspecified car occupant, nontraffic accident, sedan"
V42.31,Motor Vehicle,"Car occupant injured in collision with two- or three-wheeled motor vehicle, unspecified car occupant, nontraffic accident, all-terrain four-wheel drive"
V42.32,Motor Vehicle,"Car occupant injured in collision with two- or three-wheeled motor vehicle, unspecified car occupant, nontraffic accident, four-wheeled motorcycle"
V42.33,Motor Vehicle,"Car occupant injured in collision with two- or three-wheeled motor vehicle, unspecified car occupant, nontraffic accident, passenger van"
V42.38,Motor Vehicle,"Car occupant injured in collision with two- or three-wheeled motor vehicle, unspecified car occupant, nontraffic accident, other specified car [automobile]"
V42.39,Motor Vehicle,"Car occupant injured in collision with two- or three-wheeled motor vehicle, unspecified car occupant, nontraffic accident, unspecified car [automobile]"
V42.40,Motor Vehicle,"Car occupant injured in collision with two- or three-wheeled motor vehicle, while boarding or alighting, sedan"
V42.41,Motor Vehicle,"Car occupant injured in collision with two- or three-wheeled motor vehicle, while boarding or alighting, all-terrain four-wheel drive"
V42.42,Motor Vehicle,"Car occupant injured in collision with two- or three-wheeled motor vehicle, while boarding or alighting, four-wheeled motorcycle"
V42.43,Motor Vehicle,"Car occupant injured in collision with two- or three-wheeled motor vehicle, while boarding or alighting, passenger van"
V42.48,Motor Vehicle,"Car occupant injured in collision with two- or three-wheeled motor vehicle, while boarding or alighting, other specified car [automobile]"
V42.49,Motor Vehicle,"Car occupant injured in collision with two- or three-wheeled motor vehicle, while boarding or alighting, unspecified car [automobile]"
V42.50,Motor Vehicle,"Car occupant injured in collision with two- or three-wheeled motor vehicle, driver, traffic accident, sedan"
V42.51,Motor Vehicle,"Car occupant injured in collision with two- or three-wheeled motor vehicle, driver, traffic accident, all-terrain four-wheel drive"
V42.52,Motor Vehicle,"Car occupant injured in collision with two- or three-wheeled motor vehicle, driver, traffic accident, four-wheeled motorcycle"
V42.53,Motor Vehicle,"Car occupant injured in collision with two- or three-wheeled motor vehicle, driver, traffic accident, passenger van"
V42.58,Motor Vehicle,"Car occupant injured in collision with two- or three-wheeled motor vehicle, driver, traffic accident, other specified car [automobile]"
V42.59,Motor Vehicle,"Car occupant injured in collision with two- or three-wheeled motor vehicle, driver, traffic accident, unspecified car [automobile]"
V42.60,Motor Vehicle,"Car occupant injured in collision with two- or three-wheeled motor vehicle, passenger, traffic accident, sedan"
V42.61,Motor Vehicle,"Car occupant injured in collision with two- or three-wheeled motor vehicle, passenger, traffic accident, all-terrain four-wheel drive"
V42.62,Motor Vehicle,"Car occupant injured in collision with two- or three-wheeled motor vehicle, passenger, traffic accident, four-wheeled motorcycle"
V42.63,Motor Vehicle,"Car occupant injured in collision with two- or three-wheeled motor vehicle, passenger, traffic accident, passenger van"
V42.68,Motor Vehicle,"Car occupant injured in collision with two- or three-wheeled motor vehicle, passenger, traffic accident, other specified car [automobile]"
V42.69,Motor Vehicle,"Car occupant injured in collision with two- or three-wheeled motor vehicle, passenger, traffic accident, unspecified car [automobile]"
V42.70,Motor Vehicle,"Car occupant injured in collision with two- or three-wheeled motor vehicle, person on outside of vehicle, traffic accident, sedan"
V42.71,Motor Vehicle,"Car occupant injured in collision with two- or three-wheeled motor vehicle, person on outside of vehicle, traffic accident, all-terrain four-wheel drive"
V42.72,Motor Vehicle,"Car occupant injured in collision with two- or three-wheeled motor vehicle, person on outside of vehicle, traffic accident, four-wheeled motorcycle"
V42.73,Motor Vehicle,"Car occupant injured in collision with two- or three-wheeled motor vehicle, person on outside of vehicle, traffic accident, passenger van"
V42.78,Motor Vehicle,"Car occupant injured in collision with two- or three-wheeled motor vehicle, person on outside of vehicle, traffic accident, other specified car [automobile]"
V42.79,Motor Vehicle,"Car occupant injured in collision with two- or three-wheeled motor vehicle, person on outside of vehicle, traffic accident, unspecified car [automobile]"
V42.90,Motor Vehicle,"Car occupant injured in collision with two- or three-wheeled motor vehicle, unspecified car occupant, traffic accident, sedan"
V42.91,Motor Vehicle,"Car occupant injured in collision with two- or three-wheeled motor vehicle, unspecified car occupant, traffic accident, all-terrain four-wheel drive"
V42.92,Motor Vehicle,"Car occupant injured in collision with two- or three-wheeled motor vehicle, unspecified car occupant, traffic accident, four-wheeled motorcycle"
V42.93,Motor Vehicle,"Car occupant injured in collision with two- or three-wheeled motor vehicle, unspecified car occupant, traffic accident, passenger van"
V42.98,Motor Vehicle,"Car occupant injured in collision with two- or three-wheeled motor vehicle, unspecified car occupant, traffic accident, other specified car [automobile]"
V42.99,Motor Vehicle,"Car occupant injured in collision with two- or three-wheeled motor vehicle, unspecified car occupant, traffic accident, unspecified car [automobile]"
V43.00,Motor Vehicle,"Car occupant injured in collision with car, pick-up truck or van, driver, nontraffic accident, sedan"
V43.01,Motor Vehicle,"Car occupant injured in collision with car, pick-up truck or van, driver, nontraffic accident, all-terrain four-wheel drive"
V43.02,Motor Vehicle,"Car occupant injured in collision with car, pick-up truck or van, driver, nontraffic accident, four-wheeled motorcycle"
V43.03,Motor Vehicle,"Car occupant injured in collision with car, pick-up truck or van, driver, nontraffic accident, passenger van"
V43.08,Motor Vehicle,"Car occupant injured in collision with car, pick-up truck or van, driver, nontraffic accident, other specified car [automobile]"
V43.09,Motor Vehicle,"Car occupant injured in collision with car, pick-up truck or van, driver, nontraffic accident, unspecified car [automobile]"
V43.10,Motor Vehicle,"Car occupant injured in collision with car, pick-up truck or van, passenger, nontraffic accident, sedan"
V43.11,Motor Vehicle,"Car occupant injured in collision with car, pick-up truck or van, passenger, nontraffic accident, all-terrain four-wheel drive"
V43.12,Motor Vehicle,"Car occupant injured in collision with car, pick-up truck or van, passenger, nontraffic accident, four-wheeled motorcycle"
V43.13,Motor Vehicle,"Car occupant injured in collision with car, pick-up truck or van, passenger, nontraffic accident, passenger van"
V43.18,Motor Vehicle,"Car occupant injured in collision with car, pick-up truck or van, passenger, nontraffic accident, other specified car [automobile]"
V43.19,Motor Vehicle,"Car occupant injured in collision with car, pick-up truck or van, passenger, nontraffic accident, unspecified car [automobile]"
V43.20,Motor Vehicle,"Car occupant injured in collision with car, pick-up truck or van, person on outside of vehicle, nontraffic accident, sedan"
V43.21,Motor Vehicle,"Car occupant injured in collision with car, pick-up truck or van, person on outside of vehicle, nontraffic accident, all-terrain four-wheel drive"
V43.22,Motor Vehicle,"Car occupant injured in collision with car, pick-up truck or van, person on outside of vehicle, nontraffic accident, four-wheeled motorcycle"
V43.23,Motor Vehicle,"Car occupant injured in collision with car, pick-up truck or van, person on outside of vehicle, nontraffic accident, passenger van"
V43.28,Motor Vehicle,"Car occupant injured in collision with car, pick-up truck or van, person on outside of vehicle, nontraffic accident, other specified car [automobile]"
V43.29,Motor Vehicle,"Car occupant injured in collision with car, pick-up truck or van, person on outside of vehicle, nontraffic accident, unspecified car [automobile]"
V43.30,Motor Vehicle,"Car occupant injured in collision with car, pick-up truck or van, unspecified car occupant, nontraffic accident, sedan"
V43.31,Motor Vehicle,"Car occupant injured in collision with car, pick-up truck or van, unspecified car occupant, nontraffic accident, all-terrain four-wheel drive"
V43.32,Motor Vehicle,"Car occupant injured in collision with car, pick-up truck or van, unspecified car occupant, nontraffic accident, four-wheeled motorcycle"
V43.33,Motor Vehicle,"Car occupant injured in collision with car, pick-up truck or van, unspecified car occupant, nontraffic accident, passenger van"
V43.38,Motor Vehicle,"Car occupant injured in collision with car, pick-up truck or van, unspecified car occupant, nontraffic accident, other specified car [automobile]"
V43.39,Motor Vehicle,"Car occupant injured in collision with car, pick-up truck or van, unspecified car occupant, nontraffic accident, unspecified car [automobile]"
V43.40,Motor Vehicle,"Car occupant injured in collision with car, pick-up truck or van, while boarding or alighting, sedan"
V43.41,Motor Vehicle,"Car occupant injured in collision with car, pick-up truck or van, while boarding or alighting, all-terrain four wheel-drive"
V43.42,Motor Vehicle,"Car occupant injured in collision with car, pick-up truck or van, while boarding or alighting, four-wheeled motorcycle"
V43.43,Motor Vehicle,"Car occupant injured in collision with car, pick-up truck or van, while boarding or alighting, passenger van"
V43.48,Motor Vehicle,"Car occupant injured in collision with car, pick-up truck or van, while boarding or alighting, other specified car [automobile]"
V43.49,Motor Vehicle,"Car occupant injured in collision with car, pick-up truck or van, while boarding or alighting, unspecified car [automobile]"
V43.50,Motor Vehicle,"Car occupant injured in collision with car, pick-up truck or van, driver, traffic accident, sedan"
V43.51,Motor Vehicle,"Car occupant injured in collision with car, pick-up truck or van, driver, traffic accident, all-terrain four-wheel drive"
V43.52,Motor Vehicle,"Car occupant injured in collision with car, pick-up truck or van, driver, traffic accident, four-wheeled motorcycle"
V43.53,Motor Vehicle,"Car occupant injured in collision with car, pick-up truck or van, driver, traffic accident, passenger van"
V43.58,Motor Vehicle,"Car occupant injured in collision with car, pick-up truck or van, driver, traffic accident, other specified car [automobile]"
V43.59,Motor Vehicle,"Car occupant injured in collision with car, pick-up truck or van, driver, traffic accident, unspecified car [automobile]"
V43.60,Motor Vehicle,"Car occupant injured in collision with car, pick-up truck or van, passenger, traffic accident, sedan"
V43.61,Motor Vehicle,"Car occupant injured in collision with car, pick-up truck or van, passenger, traffic accident, all-terrain four-wheel drive"
V43.62,Motor Vehicle,"Car occupant injured in collision with car, pick-up truck or van, passenger, traffic accident, four-wheeled motorcycle"
V43.63,Motor Vehicle,"Car occupant injured in collision with car, pick-up truck or van, passenger, traffic accident, passenger van"
V43.68,Motor Vehicle,"Car occupant injured in collision with car, pick-up truck or van, passenger, traffic accident, other specified car [automobile]"
V43.69,Motor Vehicle,"Car occupant injured in collision with car, pick-up truck or van, passenger, traffic accident, unspecified car [automobile]"
V43.70,Motor Vehicle,"Car occupant injured in collision with car, pick-up truck or van, person on outside of vehicle, traffic accident, sedan"
V43.71,Motor Vehicle,"Car occupant injured in collision with car, pick-up truck or van, person on outside of vehicle, traffic accident, all-terrain four-wheel drive"
V43.72,Motor Vehicle,"Car occupant injured in collision with car, pick-up truck or van, person on outside of vehicle, traffic accident, four-wheeled motorcycle"
V43.73,Motor Vehicle,"Car occupant injured in collision with car, pick-up truck or van, person on outside of vehicle, traffic accident, passenger van"
V43.78,Motor Vehicle,"Car occupant injured in collision with car, pick-up truck or van, person on outside of vehicle, traffic accident, other specified car [automobile]"
V43.79,Motor Vehicle,"Car occupant injured in collision with car, pick-up truck or van, person on outside of vehicle, traffic accident, unspecified car [automobile]"
V43.90,Motor Vehicle,"Car occupant injured in collision with car, pick-up truck or van, unspecified car occupant, traffic accident, sedan"
V43.91,Motor Vehicle,"Car occupant injured in collision with car, pick-up truck or van, unspecified car occupant, traffic accident, all-terrain four-wheel drive"
V43.92,Motor Vehicle,"Car occupant injured in collision with car, pick-up truck or van, unspecified car occupant, traffic accident, four-wheeled motorcycle"
V43.93,Motor Vehicle,"Car occupant injured in collision with car, pick-up truck or van, unspecified car occupant, traffic accident, passenger van"
V43.98,Motor Vehicle,"Car occupant injured in collision with car, pick-up truck or van, unspecified car occupant, traffic accident, other specified car [automobile]"
V43.99,Motor Vehicle,"Car occupant injured in collision with car, pick-up truck or van, unspecified car occupant, traffic accident, unspecified car [automobile]"
V44.00,Motor Vehicle,"Car occupant injured in collision with heavy transport vehicle or bus, driver, nontraffic accident, sedan"
V44.01,Motor Vehicle,"Car occupant injured in collision with heavy transport vehicle or bus, driver, nontraffic accident, all-terrain four-wheel drive"
V44.02,Motor Vehicle,"Car occupant injured in collision with heavy transport vehicle or bus, driver, nontraffic accident, four-wheeled motorcycle"
V44.03,Motor Vehicle,"Car occupant injured in collision with heavy transport vehicle or bus, driver, nontraffic accident, passenger van"
V44.08,Motor Vehicle,"Car occupant injured in collision with heavy transport vehicle or bus, driver, nontraffic accident, other specified car [automobile]"
V44.09,Motor Vehicle,"Car occupant injured in collision with heavy transport vehicle or bus, driver, nontraffic accident, unspecified car [automobile]"
V44.10,Motor Vehicle,"Car occupant injured in collision with heavy transport vehicle or bus, passenger, nontraffic accident, sedan"
V44.11,Motor Vehicle,"Car occupant injured in collision with heavy transport vehicle or bus, passenger, nontraffic accident, all-terrain four-wheel drive"
V44.12,Motor Vehicle,"Car occupant injured in collision with heavy transport vehicle or bus, passenger, nontraffic accident, four-wheeled motorcycle"
V44.13,Motor Vehicle,"Car occupant injured in collision with heavy transport vehicle or bus, passenger, nontraffic accident, passenger van"
V44.18,Motor Vehicle,"Car occupant injured in collision with heavy transport vehicle or bus, passenger, nontraffic accident, other specified car [automobile]"
V44.19,Motor Vehicle,"Car occupant injured in collision with heavy transport vehicle or bus, passenger, nontraffic accident, unspecified car [automobile]"
V44.20,Motor Vehicle,"Car occupant injured in collision with heavy transport vehicle or bus, person on outside of vehicle, nontraffic accident, sedan"
V44.21,Motor Vehicle,"Car occupant injured in collision with heavy transport vehicle or bus, person on outside of vehicle, nontraffic accident, all-terrain four-wheel drive"
V44.22,Motor Vehicle,"Car occupant injured in collision with heavy transport vehicle or bus, person on outside of vehicle, nontraffic accident, four-wheeled motorcycle"
V44.23,Motor Vehicle,"Car occupant injured in collision with heavy transport vehicle or bus, person on outside of vehicle, nontraffic accident, passenger van"
V44.28,Motor Vehicle,"Car occupant injured in collision with heavy transport vehicle or bus, person on outside of vehicle, nontraffic accident, other specified car [automobile]"
V44.29,Motor Vehicle,"Car occupant injured in collision with heavy transport vehicle or bus, person on outside of vehicle, nontraffic accident, unspecified car [automobile]"
V44.30,Motor Vehicle,"Car occupant injured in collision with heavy transport vehicle or bus, unspecified car occupant, nontraffic accident, sedan"
V44.31,Motor Vehicle,"Car occupant injured in collision with heavy transport vehicle or bus, unspecified car occupant, nontraffic accident, all-terrain four-wheel drive"
V44.32,Motor Vehicle,"Car occupant injured in collision with heavy transport vehicle or bus, unspecified car occupant, nontraffic accident, four-wheeled motorcycle"
V44.33,Motor Vehicle,"Car occupant injured in collision with heavy transport vehicle or bus, unspecified car occupant, nontraffic accident, passenger van"
V44.38,Motor Vehicle,"Car occupant injured in collision with heavy transport vehicle or bus, unspecified car occupant, nontraffic accident, other specified car [automobile]"
V44.39,Motor Vehicle,"Car occupant injured in collision with heavy transport vehicle or bus, unspecified car occupant, nontraffic accident, unspecified car [automobile]"
V44.40,Motor Vehicle,"Car occupant injured in collision with heavy transport vehicle or bus, while boarding or alighting, sedan"
V44.41,Motor Vehicle,"Car occupant injured in collision with heavy transport vehicle or bus, while boarding or alighting, all-terrain four-wheel drive"
V44.42,Motor Vehicle,"Car occupant injured in collision with heavy transport vehicle or bus, while boarding or alighting, four-wheeled motorcycle"
V44.43,Motor Vehicle,"Car occupant injured in collision with heavy transport vehicle or bus, while boarding or alighting, passenger van"
V44.48,Motor Vehicle,"Car occupant injured in collision with heavy transport vehicle or bus, while boarding or alighting, other specified car [automobile]"
V44.49,Motor Vehicle,"Car occupant injured in collision with heavy transport vehicle or bus, while boarding or alighting, unspecified car [automobile]"
V44.50,Motor Vehicle,"Car occupant injured in collision with heavy transport vehicle or bus, driver, traffic accident, sedan"
V44.51,Motor Vehicle,"Car occupant injured in collision with heavy transport vehicle or bus, driver, traffic accident, all-terrain four-wheel drive"
V44.52,Motor Vehicle,"Car occupant injured in collision with heavy transport vehicle or bus, driver, traffic accident, four-wheeled motorcycle"
V44.53,Motor Vehicle,"Car occupant injured in collision with heavy transport vehicle or bus, driver, traffic accident, passenger van"
V44.58,Motor Vehicle,"Car occupant injured in collision with heavy transport vehicle or bus, driver, traffic accident, other specified car [automobile]"
V44.59,Motor Vehicle,"Car occupant injured in collision with heavy transport vehicle or bus, driver, traffic accident, unspecified car [automobile]"
V44.60,Motor Vehicle,"Car occupant injured in collision with heavy transport vehicle or bus, passenger, traffic accident, sedan"
V44.61,Motor Vehicle,"Car occupant injured in collision with heavy transport vehicle or bus, passenger, traffic accident, all-terrain four-wheel drive"
V44.62,Motor Vehicle,"Car occupant injured in collision with heavy transport vehicle or bus, passenger, traffic accident, four-wheeled motorcycle"
V44.63,Motor Vehicle,"Car occupant injured in collision with heavy transport vehicle or bus, passenger, traffic accident, passenger van"
V44.68,Motor Vehicle,"Car occupant injured in collision with heavy transport vehicle or bus, passenger, traffic accident, other specified car [automobile]"
V44.69,Motor Vehicle,"Car occupant injured in collision with heavy transport vehicle or bus, passenger, traffic accident, unspecified car [automobile]"
V44.70,Motor Vehicle,"Car occupant injured in collision with heavy transport vehicle or bus, person on outside of vehicle, traffic accident, sedan"
V44.71,Motor Vehicle,"Car occupant injured in collision with heavy transport vehicle or bus, person on outside of vehicle, traffic accident, all-terrain four-wheel drive"
V44.72,Motor Vehicle,"Car occupant injured in collision with heavy transport vehicle or bus, person on outside of vehicle, traffic accident, four-wheeled motorcycle"
V44.73,Motor Vehicle,"Car occupant injured in collision with heavy transport vehicle or bus, person on outside of vehicle, traffic accident, passenger van"
V44.78,Motor Vehicle,"Car occupant injured in collision with heavy transport vehicle or bus, person on outside of vehicle, traffic accident, other specified car [automobile]"
V44.79,Motor Vehicle,"Car occupant injured in collision with heavy transport vehicle or bus, person on outside of vehicle, traffic accident, unspecified car [automobile]"
V44.90,Motor Vehicle,"Car occupant injured in collision with heavy transport vehicle or bus, unspecified car occupant, traffic accident, sedan"
V44.91,Motor Vehicle,"Car occupant injured in collision with heavy transport vehicle or bus, unspecified car occupant, traffic accident, all-terrain four-wheel drive"
V44.92,Motor Vehicle,"Car occupant injured in collision with heavy transport vehicle or bus, unspecified car occupant, traffic accident, four-wheeled motorcycle"
V44.93,Motor Vehicle,"Car occupant injured in collision with heavy transport vehicle or bus, unspecified car occupant, traffic accident, passenger van"
V44.98,Motor Vehicle,"Car occupant injured in collision with heavy transport vehicle or bus, unspecified car occupant, traffic accident, other specified car [automobile]"
V44.99,Motor Vehicle,"Car occupant injured in collision with heavy transport vehicle or bus, unspecified car occupant, traffic accident, unspecified car [automobile]"
V45.00,Motor Vehicle,"Car occupant injured in collision with railway train or railway vehicle, driver, nontraffic accident, sedan"
V45.01,Motor Vehicle,"Car occupant injured in collision with railway train or railway vehicle, driver, nontraffic accident, all-terrain four-wheel drive"
V45.02,Motor Vehicle,"Car occupant injured in collision with railway train or railway vehicle, driver, nontraffic accident, four-wheeled motorcycle"
V45.03,Motor Vehicle,"Car occupant injured in collision with railway train or railway vehicle, driver, nontraffic accident, passenger van"
V45.08,Motor Vehicle,"Car occupant injured in collision with railway train or railway vehicle, driver, nontraffic accident, other specified car [automobile]"
V45.09,Motor Vehicle,"Car occupant injured in collision with railway train or railway vehicle, driver, nontraffic accident, unspecified car [automobile]"
V45.10,Motor Vehicle,"Car occupant injured in collision with railway train or railway vehicle, passenger, nontraffic accident, sedan"
V45.11,Motor Vehicle,"Car occupant injured in collision with railway train or railway vehicle, passenger, nontraffic accident, all-terrain four-wheel drive"
V45.12,Motor Vehicle,"Car occupant injured in collision with railway train or railway vehicle, passenger, nontraffic accident, four-wheeled motorcycle"
V45.13,Motor Vehicle,"Car occupant injured in collision with railway train or railway vehicle, passenger, nontraffic accident, passenger van"
V45.18,Motor Vehicle,"Car occupant injured in collision with railway train or railway vehicle, passenger, nontraffic accident, other specified car [automobile]"
V45.19,Motor Vehicle,"Car occupant injured in collision with railway train or railway vehicle, passenger, nontraffic accident, unspecified car [automobile]"
V45.20,Motor Vehicle,"Car occupant injured in collision with railway train or railway vehicle, person on outside of vehicle, nontraffic accident, sedan"
V45.21,Motor Vehicle,"Car occupant injured in collision with railway train or railway vehicle, person on outside of vehicle, nontraffic accident, all-terrain four-wheel drive"
V45.22,Motor Vehicle,"Car occupant injured in collision with railway train or railway vehicle, person on outside of vehicle, nontraffic accident, four-wheeled motorcycle"
V45.23,Motor Vehicle,"Car occupant injured in collision with railway train or railway vehicle, person on outside of vehicle, nontraffic accident, passenger van"
V45.28,Motor Vehicle,"Car occupant injured in collision with railway train or railway vehicle, person on outside of vehicle, nontraffic accident, other specified car [automobile]"
V45.29,Motor Vehicle,"Car occupant injured in collision with railway train or railway vehicle, person on outside of vehicle, nontraffic accident, unspecified car [automobile]"
V45.30,Motor Vehicle,"Car occupant injured in collision with railway train or railway vehicle, unspecified car occupant, nontraffic accident, sedan"
V45.31,Motor Vehicle,"Car occupant injured in collision with railway train or railway vehicle, unspecified car occupant, nontraffic accident, all-terrain four-wheel drive"
V45.32,Motor Vehicle,"Car occupant injured in collision with railway train or railway vehicle, unspecified car occupant, nontraffic accident, four-wheeled motorcycle"
V45.33,Motor Vehicle,"Car occupant injured in collision with railway train or railway vehicle, unspecified car occupant, nontraffic accident, passenger van"
V45.38,Motor Vehicle,"Car occupant injured in collision with railway train or railway vehicle, unspecified car occupant, nontraffic accident, other specified car [automobile]"
V45.39,Motor Vehicle,"Car occupant injured in collision with railway train or railway vehicle, unspecified car occupant, nontraffic accident, unspecified car [automobile]"
V45.40,Motor Vehicle,"Car occupant injured in collision with railway train or railway vehicle, while boarding or alighting, sedan"
V45.41,Motor Vehicle,"Car occupant injured in collision with railway train or railway vehicle, while boarding or alighting, all-terrain four-wheel drive"
V45.42,Motor Vehicle,"Car occupant injured in collision with railway train or railway vehicle, while boarding or alighting, four-wheeled motorcycle"
V45.43,Motor Vehicle,"Car occupant injured in collision with railway train or railway vehicle, while boarding or alighting, passenger van"
V45.48,Motor Vehicle,"Car occupant injured in collision with railway train or railway vehicle, while boarding or alighting, other specified car [automobile]"
V45.49,Motor Vehicle,"Car occupant injured in collision with railway train or railway vehicle, while boarding or alighting, unspecified car [automobile]"
V45.50,Motor Vehicle,"Car occupant injured in collision with railway train or railway vehicle, driver, traffic accident, sedan"
V45.51,Motor Vehicle,"Car occupant injured in collision with railway train or railway vehicle, driver, traffic accident, all-terrain four-wheel drive"
V45.52,Motor Vehicle,"Car occupant injured in collision with railway train or railway vehicle, driver, traffic accident, four-wheeled motorcycle"
V45.53,Motor Vehicle,"Car occupant injured in collision with railway train or railway vehicle, driver, traffic accident, passenger van"
V45.58,Motor Vehicle,"Car occupant injured in collision with railway train or railway vehicle, driver, traffic accident, other specified car [automobile]"
V45.59,Motor Vehicle,"Car occupant injured in collision with railway train or railway vehicle, driver, traffic accident, unspecified car [automobile]"
V45.60,Motor Vehicle,"Car occupant injured in collision with railway train or railway vehicle, passenger, traffic accident, sedan"
V45.61,Motor Vehicle,"Car occupant injured in collision with railway train or railway vehicle, passenger, traffic accident, all-terrain four-wheel drive"
V45.62,Motor Vehicle,"Car occupant injured in collision with railway train or railway vehicle, passenger, traffic accident, four-wheeled motorcycle"
V45.63,Motor Vehicle,"Car occupant injured in collision with railway train or railway vehicle, passenger, traffic accident, passenger van"
V45.68,Motor Vehicle,"Car occupant injured in collision with railway train or railway vehicle, passenger, traffic accident, other specified car [automobile]"
V45.69,Motor Vehicle,"Car occupant injured in collision with railway train or railway vehicle, passenger, traffic accident, unspecified car [automobile]"
V45.70,Motor Vehicle,"Car occupant injured in collision with railway train or railway vehicle, person on outside of vehicle, traffic accident, sedan"
V45.71,Motor Vehicle,"Car occupant injured in collision with railway train or railway vehicle, person on outside of vehicle, traffic accident, all-terrain four-wheel drive"
V45.72,Motor Vehicle,"Car occupant injured in collision with railway train or railway vehicle, person on outside of vehicle, traffic accident, four-wheeled motorcycle"
V45.73,Motor Vehicle,"Car occupant injured in collision with railway train or railway vehicle, person on outside of vehicle, traffic accident, passenger van"
V45.78,Motor Vehicle,"Car occupant injured in collision with railway train or railway vehicle, person on outside of vehicle, traffic accident, other specified car [automobile]"
V45.79,Motor Vehicle,"Car occupant injured in collision with railway train or railway vehicle, person on outside of vehicle, traffic accident, unspecified car [automobile]"
V45.90,Motor Vehicle,"Car occupant injured in collision with railway train or railway vehicle, unspecified car occupant, traffic accident, sedan"
V45.91,Motor Vehicle,"Car occupant injured in collision with railway train or railway vehicle, unspecified car occupant, traffic accident, all-terrain four-wheel drive"
V45.92,Motor Vehicle,"Car occupant injured in collision with railway train or railway vehicle, unspecified car occupant, traffic accident, four-wheeled motorcycle"
V45.93,Motor Vehicle,"Car occupant injured in collision with railway train or railway vehicle, unspecified car occupant, traffic accident, passenger van"
V45.98,Motor Vehicle,"Car occupant injured in collision with railway train or railway vehicle, unspecified car occupant, traffic accident, other specified car [automobile]"
V45.99,Motor Vehicle,"Car occupant injured in collision with railway train or railway vehicle, unspecified car occupant, traffic accident, unspecified car [automobile]"
V46.00,Motor Vehicle,"Car occupant injured in collision with other nonmotor vehicle, driver, nontraffic accident, sedan"
V46.01,Motor Vehicle,"Car occupant injured in collision with other nonmotor vehicle, driver, nontraffic accident, all-terrain four-wheel drive"
V46.02,Motor Vehicle,"Car occupant injured in collision with other nonmotor vehicle, driver, nontraffic accident, four-wheeled motorcycle"
V46.03,Motor Vehicle,"Car occupant injured in collision with other nonmotor vehicle, driver, nontraffic accident, passenger van"
V46.08,Motor Vehicle,"Car occupant injured in collision with other nonmotor vehicle, driver, nontraffic accident, other specified car [automobile]"
V46.09,Motor Vehicle,"Car occupant injured in collision with other nonmotor vehicle, driver, nontraffic accident, unspecified car [automobile]"
V46.10,Motor Vehicle,"Car occupant injured in collision with other nonmotor vehicle, passenger, nontraffic accident, sedan"
V46.11,Motor Vehicle,"Car occupant injured in collision with other nonmotor vehicle, passenger, nontraffic accident, all-terrain four-wheel drive"
V46.12,Motor Vehicle,"Car occupant injured in collision with other nonmotor vehicle, passenger, nontraffic accident, four-wheeled motorcycle"
V46.13,Motor Vehicle,"Car occupant injured in collision with other nonmotor vehicle, passenger, nontraffic accident, passenger van"
V46.18,Motor Vehicle,"Car occupant injured in collision with other nonmotor vehicle, passenger, nontraffic accident, other specified car [automobile]"
V46.19,Motor Vehicle,"Car occupant injured in collision with other nonmotor vehicle, passenger, nontraffic accident, unspecified car [automobile]"
V46.20,Motor Vehicle,"Car occupant injured in collision with other nonmotor vehicle, person on outside of vehicle, nontraffic accident, sedan"
V46.21,Motor Vehicle,"Car occupant injured in collision with other nonmotor vehicle, person on outside of vehicle, nontraffic accident, all-terrain four-wheel drive"
V46.22,Motor Vehicle,"Car occupant injured in collision with other nonmotor vehicle, person on outside of vehicle, nontraffic accident, four-wheeled motorcycle"
V46.23,Motor Vehicle,"Car occupant injured in collision with other nonmotor vehicle, person on outside of vehicle, nontraffic accident, passenger van"
V46.28,Motor Vehicle,"Car occupant injured in collision with other nonmotor vehicle, person on outside of vehicle, nontraffic accident, other specified car [automobile]"
V46.29,Motor Vehicle,"Car occupant injured in collision with other nonmotor vehicle, person on outside of vehicle, nontraffic accident, unspecified car [automobile]"
V46.30,Motor Vehicle,"Car occupant injured in collision with other nonmotor vehicle, unspecified car occupant, nontraffic accident, sedan"
V46.31,Motor Vehicle,"Car occupant injured in collision with other nonmotor vehicle, unspecified car occupant, nontraffic accident, all-terrain four-wheel drive"
V46.32,Motor Vehicle,"Car occupant injured in collision with other nonmotor vehicle, unspecified car occupant, nontraffic accident, four-wheeled motorcycle"
V46.33,Motor Vehicle,"Car occupant injured in collision with other nonmotor vehicle, unspecified car occupant, nontraffic accident, passenger van"
V46.38,Motor Vehicle,"Car occupant injured in collision with other nonmotor vehicle, unspecified car occupant, nontraffic accident, other specified car [automobile]"
V46.39,Motor Vehicle,"Car occupant injured in collision with other nonmotor vehicle, unspecified car occupant, nontraffic accident, unspecified car [automobile]"
V46.40,Motor Vehicle,"Car occupant injured in collision with other nonmotor vehicle, while boarding or alighting, sedan"
V46.41,Motor Vehicle,"Car occupant injured in collision with other nonmotor vehicle, while boarding or alighting, all-terrain four-wheel drive"
V46.42,Motor Vehicle,"Car occupant injured in collision with other nonmotor vehicle, while boarding or alighting, four-wheeled motorcycle"
V46.43,Motor Vehicle,"Car occupant injured in collision with other nonmotor vehicle, while boarding or alighting, passenger van"
V46.48,Motor Vehicle,"Car occupant injured in collision with other nonmotor vehicle, while boarding or alighting, other specified car [automobile]"
V46.49,Motor Vehicle,"Car occupant injured in collision with other nonmotor vehicle, while boarding or alighting, unspecified car [automobile]"
V46.50,Motor Vehicle,"Car occupant injured in collision with other nonmotor vehicle, driver, traffic accident, sedan"
V46.51,Motor Vehicle,"Car occupant injured in collision with other nonmotor vehicle, driver, traffic accident, all-terrain four-wheel drive"
V46.52,Motor Vehicle,"Car occupant injured in collision with other nonmotor vehicle, driver, traffic accident, four-wheeled motorcycle"
V46.53,Motor Vehicle,"Car occupant injured in collision with other nonmotor vehicle, driver, traffic accident, passenger van"
V46.58,Motor Vehicle,"Car occupant injured in collision with other nonmotor vehicle, driver, traffic accident, other specified car [automobile]"
V46.59,Motor Vehicle,"Car occupant injured in collision with other nonmotor vehicle, driver, traffic accident, unspecified car [automobile]"
V46.60,Motor Vehicle,"Car occupant injured in collision with other nonmotor vehicle, passenger, traffic accident, sedan"
V46.61,Motor Vehicle,"Car occupant injured in collision with other nonmotor vehicle, passenger, traffic accident, all-terrain four-wheel drive"
V46.62,Motor Vehicle,"Car occupant injured in collision with other nonmotor vehicle, passenger, traffic accident, four-wheeled motorcycle"
V46.63,Motor Vehicle,"Car occupant injured in collision with other nonmotor vehicle, passenger, traffic accident, passenger van"
V46.68,Motor Vehicle,"Car occupant injured in collision with other nonmotor vehicle, passenger, traffic accident, other specified car [automobile]"
V46.69,Motor Vehicle,"Car occupant injured in collision with other nonmotor vehicle, passenger, traffic accident, unspecified car [automobile]"
V46.70,Motor Vehicle,"Car occupant injured in collision with other nonmotor vehicle, person on outside of vehicle, traffic accident, sedan"
V46.71,Motor Vehicle,"Car occupant injured in collision with other nonmotor vehicle, person on outside of vehicle, traffic accident, all-terrain four-wheel drive"
V46.72,Motor Vehicle,"Car occupant injured in collision with other nonmotor vehicle, person on outside of vehicle, traffic accident, four-wheeled motorcycle"
V46.73,Motor Vehicle,"Car occupant injured in collision with other nonmotor vehicle, person on outside of vehicle, traffic accident, passenger van"
V46.78,Motor Vehicle,"Car occupant injured in collision with other nonmotor vehicle, person on outside of vehicle, traffic accident, other specified car [automobile]"
V46.79,Motor Vehicle,"Car occupant injured in collision with other nonmotor vehicle, person on outside of vehicle, traffic accident, unspecified car [automobile]"
V46.90,Motor Vehicle,"Car occupant injured in collision with other nonmotor vehicle, unspecified car occupant, traffic accident, sedan"
V46.91,Motor Vehicle,"Car occupant injured in collision with other nonmotor vehicle, unspecified car occupant, traffic accident, all-terrain four-wheel drive"
V46.92,Motor Vehicle,"Car occupant injured in collision with other nonmotor vehicle, unspecified car occupant, traffic accident, four-wheeled motorcycle"
V46.93,Motor Vehicle,"Car occupant injured in collision with other nonmotor vehicle, unspecified car occupant, traffic accident, passenger van"
V46.98,Motor Vehicle,"Car occupant injured in collision with other nonmotor vehicle, unspecified car occupant, traffic accident, other specified car [automobile]"
V46.99,Motor Vehicle,"Car occupant injured in collision with other nonmotor vehicle, unspecified car occupant, traffic accident, unspecified car [automobile]"
V47.00,Motor Vehicle,"Car occupant injured in collision with fixed or stationary object, driver, nontraffic accident, sedan"
V47.01,Motor Vehicle,"Car occupant injured in collision with fixed or stationary object, driver, nontraffic accident, all-terrain four-wheel drive"
V47.02,Motor Vehicle,"Car occupant injured in collision with fixed or stationary object, driver, nontraffic accident, four-wheeled motorcycle"
V47.03,Motor Vehicle,"Car occupant injured in collision with fixed or stationary object, driver, nontraffic accident, passenger van"
V47.08,Motor Vehicle,"Car occupant injured in collision with fixed or stationary object, driver, nontraffic accident, other specified car [automobile]"
V47.09,Motor Vehicle,"Car occupant injured in collision with fixed or stationary object, driver, nontraffic accident, unspecified car [automobile]"
V47.10,Motor Vehicle,"Car occupant injured in collision with fixed or stationary object, passenger, nontraffic accident, sedan"
V47.11,Motor Vehicle,"Car occupant injured in collision with fixed or stationary object, passenger, nontraffic accident, all-terrain four-wheel drive"
V47.12,Motor Vehicle,"Car occupant injured in collision with fixed or stationary object, passenger, nontraffic accident, four-wheeled motorcycle"
V47.13,Motor Vehicle,"Car occupant injured in collision with fixed or stationary object, passenger, nontraffic accident, passenger van"
V47.18,Motor Vehicle,"Car occupant injured in collision with fixed or stationary object, passenger, nontraffic accident, other specified car [automobile]"
V47.19,Motor Vehicle,"Car occupant injured in collision with fixed or stationary object, passenger, nontraffic accident, unspecified car [automobile]"
V47.20,Motor Vehicle,"Car occupant injured in collision with fixed or stationary object, person on outside of vehicle, nontraffic accident, sedan"
V47.21,Motor Vehicle,"Car occupant injured in collision with fixed or stationary object, person on outside of vehicle, nontraffic accident, all-terrain four-wheel drive"
V47.22,Motor Vehicle,"Car occupant injured in collision with fixed or stationary object, person on outside of vehicle, nontraffic accident, four-wheeled motorcycle"
V47.23,Motor Vehicle,"Car occupant injured in collision with fixed or stationary object, person on outside of vehicle, nontraffic accident, passenger van"
V47.28,Motor Vehicle,"Car occupant injured in collision with fixed or stationary object, person on outside of vehicle, nontraffic accident, other specified car [automobile]"
V47.29,Motor Vehicle,"Car occupant injured in collision with fixed or stationary object, person on outside of vehicle, nontraffic accident, unspecified car [automobile]"
V47.30,Motor Vehicle,"Car occupant injured in collision with fixed or stationary object, unspecified car occupant, nontraffic accident, sedan"
V47.31,Motor Vehicle,"Car occupant injured in collision with fixed or stationary object, unspecified car occupant, nontraffic accident, all-terrain four-wheel drive"
V47.32,Motor Vehicle,"Car occupant injured in collision with fixed or stationary object, unspecified car occupant, nontraffic accident, four-wheeled motorcycle"
V47.33,Motor Vehicle,"Car occupant injured in collision with fixed or stationary object, unspecified car occupant, nontraffic accident, passenger van"
V47.38,Motor Vehicle,"Car occupant injured in collision with fixed or stationary object, unspecified car occupant, nontraffic accident, other specified car [automobile]"
V47.39,Motor Vehicle,"Car occupant injured in collision with fixed or stationary object, unspecified car occupant, nontraffic accident, unspecified car [automobile]"
V47.40,Motor Vehicle,"Car occupant injured in collision with fixed or stationary object, while boarding or alighting, sedan"
V47.41,Motor Vehicle,"Car occupant injured in collision with fixed or stationary object, while boarding or alighting, all-terrain four-wheel drive"
V47.42,Motor Vehicle,"Car occupant injured in collision with fixed or stationary object, while boarding or alighting, four-wheeled motorcycle"
V47.43,Motor Vehicle,"Car occupant injured in collision with fixed or stationary object, while boarding or alighting, passenger van"
V47.48,Motor Vehicle,"Car occupant injured in collision with fixed or stationary object, while boarding or alighting, other specified car [automobile]"
V47.49,Motor Vehicle,"Car occupant injured in collision with fixed or stationary object, while boarding or alighting, unspecified car [automobile]"
V47.50,Motor Vehicle,"Car occupant injured in collision with fixed or stationary object, driver, traffic accident, sedan"
V47.51,Motor Vehicle,"Car occupant injured in collision with fixed or stationary object, driver, traffic accident, all-terrain four-wheel drive"
V47.52,Motor Vehicle,"Car occupant injured in collision with fixed or stationary object, driver, traffic accident, four-wheeled motorcycle"
V47.53,Motor Vehicle,"Car occupant injured in collision with fixed or stationary object, driver, traffic accident, passenger van"
V47.58,Motor Vehicle,"Car occupant injured in collision with fixed or stationary object, driver, traffic accident, other specified car [automobile]"
V47.59,Motor Vehicle,"Car occupant injured in collision with fixed or stationary object, driver, traffic accident, unspecified car [automobile]"
V47.60,Motor Vehicle,"Car occupant injured in collision with fixed or stationary object, passenger, traffic accident, sedan"
V47.61,Motor Vehicle,"Car occupant injured in collision with fixed or stationary object, passenger, traffic accident, all-terrain four-wheel drive"
V47.62,Motor Vehicle,"Car occupant injured in collision with fixed or stationary object, passenger, traffic accident, four-wheeled motorcycle"
V47.63,Motor Vehicle,"Car occupant injured in collision with fixed or stationary object, passenger, traffic accident, passenger van"
V47.68,Motor Vehicle,"Car occupant injured in collision with fixed or stationary object, passenger, traffic accident, other specified car [automobile]"
V47.69,Motor Vehicle,"Car occupant injured in collision with fixed or stationary object, passenger, traffic accident, unspecified car [automobile]"
V47.70,Motor Vehicle,"Car occupant injured in collision with fixed or stationary object, person on outside of vehicle, traffic accident, sedan"
V47.71,Motor Vehicle,"Car occupant injured in collision with fixed or stationary object, person on outside of vehicle, traffic accident, all-terrain four-wheel drive"
V47.72,Motor Vehicle,"Car occupant injured in collision with fixed or stationary object, person on outside of vehicle, traffic accident, four-wheeled motorcycle"
V47.73,Motor Vehicle,"Car occupant injured in collision with fixed or stationary object, person on outside of vehicle, traffic accident, passenger van"
V47.78,Motor Vehicle,"Car occupant injured in collision with fixed or stationary object, person on outside of vehicle, traffic accident, other specified car [automobile]"
V47.79,Motor Vehicle,"Car occupant injured in collision with fixed or stationary object, person on outside of vehicle, traffic accident, unspecified car [automobile]"
V47.90,Motor Vehicle,"Car occupant injured in collision with fixed or stationary object, unspecified car occupant, traffic accident, sedan"
V47.91,Motor Vehicle,"Car occupant injured in collision with fixed or stationary object, unspecified car occupant, traffic accident, all-terrain four-wheel drive"
V47.92,Motor Vehicle,"Car occupant injured in collision with fixed or stationary object, unspecified car occupant, traffic accident, four-wheeled motorcycle"
V47.93,Motor Vehicle,"Car occupant injured in collision with fixed or stationary object, unspecified car occupant, traffic accident, passenger van"
V47.98,Motor Vehicle,"Car occupant injured in collision with fixed or stationary object, unspecified car occupant, traffic accident, other specified car [automobile]"
V47.99,Motor Vehicle,"Car occupant injured in collision with fixed or stationary object, unspecified car occupant, traffic accident, unspecified car [automobile]"
V48.00,Motor Vehicle,"Car occupant injured in noncollision transport accident, driver, nontraffic accident, sedan"
V48.01,Motor Vehicle,"Car occupant injured in noncollision transport accident, driver, nontraffic accident, all-terrain four-wheel drive"
V48.02,Motor Vehicle,"Car occupant injured in noncollision transport accident, driver, nontraffic accident, four-wheeled motorcycle"
V48.03,Motor Vehicle,"Car occupant injured in noncollision transport accident, driver, nontraffic accident, passenger van"
V48.08,Motor Vehicle,"Car occupant injured in noncollision transport accident, driver, nontraffic accident, other specified car [automobile]"
V48.09,Motor Vehicle,"Car occupant injured in noncollision transport accident, driver, nontraffic accident, unspecified car [automobile]"
V48.10,Motor Vehicle,"Car occupant injured in noncollision transport accident, passenger, nontraffic accident, sedan"
V48.11,Motor Vehicle,"Car occupant injured in noncollision transport accident, passenger, nontraffic accident, all-terrain four-wheel drive"
V48.12,Motor Vehicle,"Car occupant injured in noncollision transport accident, passenger, nontraffic accident, four-wheeled motorcycle"
V48.13,Motor Vehicle,"Car occupant injured in noncollision transport accident, passenger, nontraffic accident, passenger van"
V48.18,Motor Vehicle,"Car occupant injured in noncollision transport accident, passenger, nontraffic accident, other specified car [automobile]"
V48.19,Motor Vehicle,"Car occupant injured in noncollision transport accident, passenger, nontraffic accident, unspecified car [automobile]"
V48.20,Motor Vehicle,"Car occupant injured in noncollision transport accident, person on outside of vehicle, nontraffic accident, sedan"
V48.21,Motor Vehicle,"Car occupant injured in noncollision transport accident, person on outside of vehicle, nontraffic accident, all-terrain four-wheel drive"
V48.22,Motor Vehicle,"Car occupant injured in noncollision transport accident, person on outside of vehicle, nontraffic accident, four-wheeled motorcycle"
V48.23,Motor Vehicle,"Car occupant injured in noncollision transport accident, person on outside of vehicle, nontraffic accident, passenger van"
V48.28,Motor Vehicle,"Car occupant injured in noncollision transport accident, person on outside of vehicle, nontraffic accident, other specified car [automobile]"
V48.29,Motor Vehicle,"Car occupant injured in noncollision transport accident, person on outside of vehicle, nontraffic accident, unspecified car [automobile]"
V48.30,Motor Vehicle,"Car occupant injured in noncollision transport accident, unspecified car occupant, nontraffic accident, sedan"
V48.31,Motor Vehicle,"Car occupant injured in noncollision transport accident, unspecified car occupant, nontraffic accident, all-terrain four-wheel drive"
V48.32,Motor Vehicle,"Car occupant injured in noncollision transport accident, unspecified car occupant, nontraffic accident, four-wheeled motorcycle"
V48.33,Motor Vehicle,"Car occupant injured in noncollision transport accident, unspecified car occupant, nontraffic accident, passenger van"
V48.38,Motor Vehicle,"Car occupant injured in noncollision transport accident, unspecified car occupant, nontraffic accident, other specified car [automobile]"
V48.39,Motor Vehicle,"Car occupant injured in noncollision transport accident, unspecified car occupant, nontraffic accident, unspecified car [automobile]"
V48.40,Motor Vehicle,"Car occupant injured in noncollision transport accident, while boarding or alighting, sedan"
V48.41,Motor Vehicle,"Car occupant injured in noncollision transport accident, while boarding or alighting, all-terrain four-wheel drive"
V48.42,Motor Vehicle,"Car occupant injured in noncollision transport accident, while boarding or alighting, four-wheeled motorcycle"
V48.43,Motor Vehicle,"Car occupant injured in noncollision transport accident, while boarding or alighting, passenger van"
V48.48,Motor Vehicle,"Car occupant injured in noncollision transport accident, while boarding or alighting, other specified car [automobile]"
V48.49,Motor Vehicle,"Car occupant injured in noncollision transport accident, while boarding or alighting, unspecified car [automobile]"
V48.50,Motor Vehicle,"Car occupant injured in noncollision transport accident, driver, traffic accident, sedan"
V48.51,Motor Vehicle,"Car occupant injured in noncollision transport accident, driver, traffic accident, all-terrain four-wheel drive"
V48.52,Motor Vehicle,"Car occupant injured in noncollision transport accident, driver, traffic accident, four-wheeled motorcycle"
V48.53,Motor Vehicle,"Car occupant injured in noncollision transport accident, driver, traffic accident, passenger van"
V48.58,Motor Vehicle,"Car occupant injured in noncollision transport accident, driver, traffic accident, other specified car [automobile]"
V48.59,Motor Vehicle,"Car occupant injured in noncollision transport accident, driver, traffic accident, unspecified car [automobile]"
V48.60,Motor Vehicle,"Car occupant injured in noncollision transport accident, passenger, traffic accident, sedan"
V48.61,Motor Vehicle,"Car occupant injured in noncollision transport accident, passenger, traffic accident, all-terrain four-wheel drive"
V48.62,Motor Vehicle,"Car occupant injured in noncollision transport accident, passenger, traffic accident, four-wheeled motorcycle"
V48.63,Motor Vehicle,"Car occupant injured in noncollision transport accident, passenger, traffic accident, passenger van"
V48.68,Motor Vehicle,"Car occupant injured in noncollision transport accident, passenger, traffic accident, other specified car [automobile]"
V48.69,Motor Vehicle,"Car occupant injured in noncollision transport accident, passenger, traffic accident, unspecified car [automobile]"
V48.70,Motor Vehicle,"Car occupant injured in noncollision transport accident, person on outside of vehicle, traffic accident, sedan"
V48.71,Motor Vehicle,"Car occupant injured in noncollision transport accident, person on outside of vehicle, traffic accident, all-terrain four-wheel drive"
V48.72,Motor Vehicle,"Car occupant injured in noncollision transport accident, person on outside of vehicle, traffic accident, four-wheeled motorcycle"
V48.73,Motor Vehicle,"Car occupant injured in noncollision transport accident, person on outside of vehicle, traffic accident, passenger van"
V48.78,Motor Vehicle,"Car occupant injured in noncollision transport accident, person on outside of vehicle, traffic accident, other specified car [automobile]"
V48.79,Motor Vehicle,"Car occupant injured in noncollision transport accident, person on outside of vehicle, traffic accident, unspecified car [automobile]"
V48.90,Motor Vehicle,"Car occupant injured in noncollision transport accident, unspecified car occupant, traffic accident, sedan"
V48.91,Motor Vehicle,"Car occupant injured in noncollision transport accident, unspecified car occupant, traffic accident, all-terrain four-wheel drive"
V48.92,Motor Vehicle,"Car occupant injured in noncollision transport accident, unspecified car occupant, traffic accident, four-wheeled motorcycle"
V48.93,Motor Vehicle,"Car occupant injured in noncollision transport accident, unspecified car occupant, traffic accident, passenger van"
V48.98,Motor Vehicle,"Car occupant injured in noncollision transport accident, unspecified car occupant, traffic accident, other specified car [automobile]"
V48.99,Motor Vehicle,"Car occupant injured in noncollision transport accident, unspecified car occupant, traffic accident, unspecified car [automobile]"
V49.0,Motor Vehicle,Driver of car injured in collision with other and unspecified motor vehicles in nontraffic accident
V49.1,Motor Vehicle,Passenger of car injured in collision with other and unspecified motor vehicles in nontraffic accident
V49.2,Motor Vehicle,Unspecified car occupant injured in collision with other and unspecified motor vehicles in nontraffic accident
V49.3,Motor Vehicle,Car occupant [any] injured in unspecified nontraffic accident
V49.4,Motor Vehicle,Driver of car injured in collision with other and unspecified motor vehicles in traffic accident
V49.5,Motor Vehicle,Passenger of car injured in collision with other and unspecified motor vehicles in traffic accident
V49.6,Motor Vehicle,Unspecified car occupant injured in collision with other and unspecified motor vehicles in traffic accident
V49.8,Motor Vehicle,Car occupant [any] injured in other specified transport accidents
V49.9,Motor Vehicle,Car occupant [any] injured in unspecified traffic accident
V50.0,Motor Vehicle,"Occupant of pick-up truck or van injured in collision with pedestrian or animal, driver, nontraffic accident"
V50.1,Motor Vehicle,"Occupant of pick-up truck or van injured in collision with pedestrian or animal, passenger, nontraffic accident"
V50.2,Motor Vehicle,"Occupant of pick-up truck or van injured in collision with pedestrian or animal, person on outside of vehicle, nontraffic accident"
V50.3,Motor Vehicle,"Occupant of pick-up truck or van injured in collision with pedestrian or animal, unspecified occupant of pick-up truck or van, nontraffic accident"
V50.4,Motor Vehicle,"Occupant of pick-up truck or van injured in collision with pedestrian or animal, while boarding or alighting"
V50.5,Motor Vehicle,"Occupant of pick-up truck or van injured in collision with pedestrian or animal, driver, traffic accident"
V50.6,Motor Vehicle,"Occupant of pick-up truck or van injured in collision with pedestrian or animal, passenger, traffic accident"
V50.7,Motor Vehicle,"Occupant of pick-up truck or van injured in collision with pedestrian or animal, person on outside of vehicle, traffic accident"
V50.9,Motor Vehicle,"Occupant of pick-truck or van injured in collision with pedestrian or animal, unspecified occupant of pick-up truck or van, traffic accident"
V51.0,Motor Vehicle,"Occupant of pick-up truck or van injured in collision with pedal cycle, driver, nontraffic accident"
V51.1,Motor Vehicle,"Occupant of pick-up truck or van injured in collision with pedal cycle, passenger, nontraffic accident"
V51.2,Motor Vehicle,"Occupant of pick-up truck or van injured in collision with pedal cycle, person on outside of vehicle, nontraffic accident"
V51.3,Motor Vehicle,"Occupant of pick-up truck or van injured in collision with pedal cycle, unspecified occupant of pick-up truck or van, nontraffic accident"
V51.4,Motor Vehicle,"Occupant of pick-up truck or van injured in collision with pedal cycle, while boarding or alighting"
V51.5,Motor Vehicle,"Occupant of pick-up truck or van injured in collision with pedal cycle, driver, traffic accident"
V51.6,Motor Vehicle,"Occupant of pick-up truck or van injured in collision with pedal cycle, passenger, traffic accident"
V51.7,Motor Vehicle,"Occupant of pick-up truck or van injured in collision with pedal cycle, person on outside of vehicle, traffic accident"
V51.9,Motor Vehicle,"Occupant of pick-truck or van injured in collision with pedal cycle, unspecified occupant of pick-up truck or van, traffic accident"
V52.0,Motor Vehicle,"Occupant of pick-up truck or van injured in collision with two- or three-wheeled motor vehicle, driver, nontraffic accident"
V52.1,Motor Vehicle,"Occupant of pick-up truck or van injured in collision with two- or three-wheeled motor vehicle, passenger, nontraffic accident"
V52.2,Motor Vehicle,"Occupant of pick-up truck or van injured in collision with two- or three-wheeled motor vehicle, person on outside of vehicle, nontraffic accident"
V52.3,Motor Vehicle,"Occupant of pick-up truck or van injured in collision with two- or three-wheeled motor vehicle, unspecified occupant of pick-up truck or van, nontraffic accident"
V52.4,Motor Vehicle,"Occupant of pick-up truck or van injured in collision with two- or three-wheeled motor vehicle, while boarding or alighting"
V52.5,Motor Vehicle,"Occupant of pick-up truck or van injured in collision with two- or three-wheeled motor vehicle, driver, traffic accident"
V52.6,Motor Vehicle,"Occupant of pick-up truck or van injured in collision with two- or three-wheeled motor vehicle, passenger, traffic accident"
V52.7,Motor Vehicle,"Occupant of pick-up truck or van injured in collision with two- or three-wheeled motor vehicle, person on outside of vehicle, traffic accident"
V52.9,Motor Vehicle,"Occupant of pick-up truck or van injured in collision with two- or three-wheeled motor vehicle, unspecified occupant of pick-up truck or van, traffic accident"
V53.0,Motor Vehicle,"Occupant of pick-up truck or van injured in collision with car, pick-up truck or van, driver, nontraffic accident"
V53.1,Motor Vehicle,"Occupant of pick-up truck or van injured in collision with car, pick-up truck or van, passenger, nontraffic accident"
V53.2,Motor Vehicle,"Occupant of pick-up truck or van injured in collision with car, pick-up truck or van, person on outside of vehicle, nontraffic accident"
V53.3,Motor Vehicle,"Occupant of pick-up truck or van injured in collision with car, pick-up truck or van, unspecified occupant of pick-up truck or van, nontraffic accident"
V53.4,Motor Vehicle,"Occupant of pick-up truck or van injured in collision with car, pick-up truck or van, while boarding or alighting"
V53.5,Motor Vehicle,"Occupant of pick-up truck or van injured in collision with car, pick-up truck or van, driver, traffic accident"
V53.6,Motor Vehicle,"Occupant of pick-up truck or van injured in collision with car, pick-up truck or van, passenger, traffic accident"
V53.7,Motor Vehicle,"Occupant of pick-up truck or van injured in collision with car, pick-up truck or van, person on outside of vehicle, traffic accident"
V53.9,Motor Vehicle,"Occupant of pick-up truck or van injured in collision with car, pick-up truck or van, unspecified occupant of pick-up truck or van, traffic accident"
V54.0,Motor Vehicle,"Occupant of pick-up truck or van injured in collision with heavy transport vehicle or bus, driver, nontraffic accident"
V54.1,Motor Vehicle,"Occupant of pick-up truck or van injured in collision with heavy transport vehicle or bus, passenger, nontraffic accident"
V54.2,Motor Vehicle,"Occupant of pick-up truck or van injured in collision with heavy transport vehicle or bus, person on outside of vehicle, nontraffic accident"
V54.3,Motor Vehicle,"Occupant of pick-up truck or van injured in collision with heavy transport vehicle or bus, unspecified occupant of pick-up truck or van, nontraffic accident"
V54.4,Motor Vehicle,"Occupant of pick-up truck or van injured in collision with heavy transport vehicle or bus, while boarding or alighting"
V54.5,Motor Vehicle,"Occupant of pick-up truck or van injured in collision with heavy transport vehicle or bus, driver, traffic accident"
V54.6,Motor Vehicle,"Occupant of pick-up truck or van injured in collision with heavy transport vehicle or bus, passenger, traffic accident"
V54.7,Motor Vehicle,"Occupant of pick-up truck or van injured in collision with heavy transport vehicle or bus, person on outside of vehicle, traffic accident"
V54.9,Motor Vehicle,"Occupant of pick-up truck or van injured in collision with heavy transport vehicle or bus, unspecified occupant of pick-up truck or van, traffic accident"
V55.0,Motor Vehicle,"Occupant of pick-up truck or van injured in collision with railway train or railway vehicle, driver, nontraffic accident"
V55.1,Motor Vehicle,"Occupant of pick-up truck or van injured in collision with railway train or railway vehicle, passenger, nontraffic accident"
V55.2,Motor Vehicle,"Occupant of pick-up truck or van injured in collision with railway train or railway vehicle, person on outside of vehicle, nontraffic accident"
V55.3,Motor Vehicle,"Occupant of pick-up truck or van injured in collision with railway train or railway vehicle, unspecified occupant of pick-up truck or van, nontraffic accident"
V55.4,Motor Vehicle,"Occupant of pick-up truck or van injured in collision with railway train or railway vehicle, while boarding or alighting"
V55.5,Motor Vehicle,"Occupant of pick-up truck or van injured in collision with railway train or railway vehicle, driver, traffic accident"
V55.6,Motor Vehicle,"Occupant of pick-up truck or van injured in collision with railway train or railway vehicle, passenger, traffic accident"
V55.7,Motor Vehicle,"Occupant of pick-up truck or van injured in collision with railway train or railway vehicle, person on outside of vehicle, traffic accident"
V55.9,Motor Vehicle,"Occupant of pick-up truck or van injured in collision with railway train or railway vehicle, unspecified occupant of pick-up truck or van, traffic accident"
V56.0,Motor Vehicle,"Occupant of pick-up truck or van injured in collision with other nonmotor vehicle, driver, nontraffic accident"
V56.1,Motor Vehicle,"Occupant of pick-up truck or van injured in collision with other nonmotor vehicle, passenger, nontraffic accident"
V56.2,Motor Vehicle,"Occupant of pick-up truck or van injured in collision with other nonmotor vehicle, person on outside of vehicle, nontraffic accident"
V56.3,Motor Vehicle,"Occupant of pick-up truck or van injured in collision with other nonmotor vehicle, unspecified occupant of pick-up truck or van, nontraffic accident"
V56.4,Motor Vehicle,"Occupant of pick-up truck or van injured in collision with other nonmotor vehicle, while boarding or alighting"
V56.5,Motor Vehicle,"Occupant of pick-up truck or van injured in collision with other nonmotor vehicle, driver, traffic accident"
V56.6,Motor Vehicle,"Occupant of pick-up truck or van injured in collision with other nonmotor vehicle, passenger, traffic accident"
V56.7,Motor Vehicle,"Occupant of pick-up truck or van injured in collision with other nonmotor vehicle, person on outside of vehicle, traffic accident"
V56.9,Motor Vehicle,"Occupant of pick-up truck or van injured in collision with other nonmotor vehicle, unspecified occupant of pick-up truck or van, traffic accident"
V57.0,Motor Vehicle,"Occupant of pick-up truck or van injured in collision with fixed or stationary object, driver, nontraffic accident"
V57.1,Motor Vehicle,"Occupant of pick-up truck or van injured in collision with fixed or stationary object, passenger, nontraffic accident"
V57.2,Motor Vehicle,"Occupant of pick-up truck or van injured in collision with fixed or stationary object, person on outside of vehicle, nontraffic accident"
V57.3,Motor Vehicle,"Occupant of pick-up truck or van injured in collision with fixed or stationary object, unspecified occupant of pick-up truck or van, nontraffic accident"
V57.4,Motor Vehicle,"Occupant of pick-up truck or van injured in collision with fixed or stationary object, while boarding or alighting"
V57.5,Motor Vehicle,"Occupant of pick-up truck or van injured in collision with fixed or stationary object, driver, traffic accident"
V57.6,Motor Vehicle,"Occupant of pick-up truck or van injured in collision with fixed or stationary object, passenger, traffic accident"
V57.7,Motor Vehicle,"Occupant of pick-up truck or van injured in collision with fixed or stationary object, person on outside of vehicle, traffic accident"
V57.9,Motor Vehicle,"Occupant of pick-up truck or van injured in collision with fixed or stationary object, unspecified occupant of pick-up truck or van, traffic accident"
V58.0,Motor Vehicle,"Occupant of pick-up truck or van injured in noncollision transport accident, driver, nontraffic accident"
V58.1,Motor Vehicle,"Occupant of pick-up truck or van injured in noncollision transport accident, passenger, nontraffic accident"
V58.2,Motor Vehicle,"Occupant of pick-up truck or van injured in noncollision transport accident, person on outside of vehicle, nontraffic accident"
V58.3,Motor Vehicle,"Occupant of pick-up truck or van injured in noncollision transport accident, unspecified occupant of pick-up truck or van, nontraffic accident"
V58.4,Motor Vehicle,"Occupant of pick-up truck or van injured in noncollision transport accident, while boarding or alighting"
V58.5,Motor Vehicle,"Occupant of pick-up truck or van injured in noncollision transport accident, driver, traffic accident"
V58.6,Motor Vehicle,"Occupant of pick-up truck or van injured in noncollision transport accident, passenger, traffic accident"
V58.7,Motor Vehicle,"Occupant of pick-up truck or van injured in noncollision transport accident, person on outside of vehicle, traffic accident"
V58.9,Motor Vehicle,"Occupant of pick-up truck or van injured in noncollision transport accident, unspecified occupant of pick-up truck or van, traffic accident"
V59.0,Motor Vehicle,Driver of pick-up truck or van injured in collision with other and unspecified motor vehicles in nontraffic accident
V59.1,Motor Vehicle,Passenger of pick-up truck or van injured in collision with other and unspecified motor vehicles in nontraffic accident
V59.2,Motor Vehicle,Unspecified occupant of pick-up truck or van injured in collision with other and unspecified motor vehicles in nontraffic accident
V59.3,Motor Vehicle,Occupant [any] of pick-up truck or van injured in unspecified nontraffic accident
V59.4,Motor Vehicle,Driver of pick-up truck or van injured in collision with other and unspecified motor vehicles in traffic accident
V59.5,Motor Vehicle,Passenger of pick-up truck or van injured in collision with other and unspecified motor vehicles in traffic accident
V59.6,Motor Vehicle,Unspecified occupant of pick-up truck or van injured in collision with other and unspecified motor vehicles in traffic accident
V59.8,Motor Vehicle,Occupant [any] of pick-up truck or van injured in other specified transport accidents
V59.9,Motor Vehicle,Occupant [any] of pick-up truck or van injured in unspecified traffic accident
V60.0,Motor Vehicle,"Occupant of heavy transport vehicle injured in collision with pedestrian or animal, driver, nontraffic accident"
V60.2,Motor Vehicle,"Occupant of heavy transport vehicle injured in collision with pedestrian or animal, person on outside of vehicle, nontraffic accident"
V60.3,Motor Vehicle,"Occupant of heavy transport vehicle injured in collision with pedestrian or animal, unspecified occupant of heavy transport vehicle, nontraffic accident"
V60.4,Motor Vehicle,"Occupant of heavy transport vehicle injured in collision with pedestrian or animal, while boarding or alighting"
V60.5,Motor Vehicle,"Occupant of heavy transport vehicle injured in collision with pedestrian or animal, driver, traffic accident"
V60.6,Motor Vehicle,"Occupant of heavy transport vehicle injured in collision with pedestrian or animal, passenger, traffic accident"
V60.7,Motor Vehicle,"Occupant of heavy transport vehicle injured in collision with pedestrian or animal, person on outside of vehicle, traffic accident"
V60.9,Motor Vehicle,"Occupant of heavy transport vehicle injured in collision with pedestrian or animal, unspecified occupant of heavy transport vehicle, traffic accident"
V61.0,Motor Vehicle,"Occupant of heavy transport vehicle injured in collision with pedal cycle, driver, nontraffic accident"
V61.1,Motor Vehicle,"Occupant of heavy transport vehicle injured in collision with pedal cycle, passenger, nontraffic accident"
V61.2,Motor Vehicle,"Occupant of heavy transport vehicle injured in collision with pedal cycle, person on outside of vehicle, nontraffic accident"
V61.3,Motor Vehicle,"Occupant of heavy transport vehicle injured in collision with pedal cycle, unspecified occupant of heavy transport vehicle, nontraffic accident"
V61.4,Motor Vehicle,"Occupant of heavy transport vehicle injured in collision with pedal cycle, while boarding or alighting"
V61.5,Motor Vehicle,"Occupant of heavy transport vehicle injured in collision with pedal cycle, driver, traffic accident"
V61.6,Motor Vehicle,"Occupant of heavy transport vehicle injured in collision with pedal cycle, passenger, traffic accident"
V61.7,Motor Vehicle,"Occupant of heavy transport vehicle injured in collision with pedal cycle, person on outside of vehicle, traffic accident"
V61.9,Motor Vehicle,"Occupant of heavy transport vehicle injured in collision with pedal cycle, unspecified occupant of heavy transport vehicle, traffic accident"
V62.0,Motor Vehicle,"Occupant of heavy transport vehicle injured in collision with two- or three-wheeled motor vehicle, driver, nontraffic accident"
V62.1,Motor Vehicle,"Occupant of heavy transport vehicle injured in collision with two- or three-wheeled motor vehicle, passenger, nontraffic accident"
V62.2,Motor Vehicle,"Occupant of heavy transport vehicle injured in collision with two- or three-wheeled motor vehicle, person on outside of vehicle, nontraffic accident"
V62.3,Motor Vehicle,"Occupant of heavy transport vehicle injured in collision with two- or three-wheeled motor vehicle, unspecified occupant of heavy transport vehicle, nontraffic accident"
V62.4,Motor Vehicle,"Occupant of heavy transport vehicle injured in collision with two- or three-wheeled motor vehicle, while boarding or alighting"
V62.5,Motor Vehicle,"Occupant of heavy transport vehicle injured in collision with two- or three-wheeled motor vehicle, driver, traffic accident"
V62.6,Motor Vehicle,"Occupant of heavy transport vehicle injured in collision with two- or three-wheeled motor vehicle, passenger, traffic accident"
V62.7,Motor Vehicle,"Occupant of heavy transport vehicle injured in collision with two- or three-wheeled motor vehicle, person on outside of vehicle, traffic accident"
V62.9,Motor Vehicle,"Occupant of heavy transport vehicle injured in collision with two- or three-wheeled motor vehicle, unspecified occupant of heavy transport vehicle, traffic accident"
V63.0,Motor Vehicle,"Occupant of heavy transport vehicle injured in collision with car, pick-up truck or van, driver, nontraffic accident"
V63.1,Motor Vehicle,"Occupant of heavy transport vehicle injured in collision with car, pick-up truck or van, passenger, nontraffic accident"
V63.2,Motor Vehicle,"Occupant of heavy transport vehicle injured in collision with car, pick-up truck or van, person on outside of vehicle, nontraffic accident"
V63.3,Motor Vehicle,"Occupant of heavy transport vehicle injured in collision with car, pick-up truck or van, unspecified occupant of heavy transport vehicle, nontraffic accident"
V63.4,Motor Vehicle,"Occupant of heavy transport vehicle injured in collision with car, pick-up truck or van, while boarding or alighting"
V63.5,Motor Vehicle,"Occupant of heavy transport vehicle injured in collision with car, pick-up truck or van, driver, traffic accident"
V63.6,Motor Vehicle,"Occupant of heavy transport vehicle injured in collision with car, pick-up truck or van, passenger, traffic accident"
V63.7,Motor Vehicle,"Occupant of heavy transport vehicle injured in collision with car, pick-up truck or van, person on outside of vehicle, traffic accident"
V63.9,Motor Vehicle,"Occupant of heavy transport vehicle injured in collision with car, pick-up truck or van, unspecified occupant of heavy transport vehicle, traffic accident"
V64.0,Motor Vehicle,"Occupant of heavy transport vehicle injured in collision with heavy transport vehicle or bus, driver, nontraffic accident"
V64.1,Motor Vehicle,"Occupant of heavy transport vehicle injured in collision with heavy transport vehicle or bus, passenger, nontraffic accident"
V64.2,Motor Vehicle,"Occupant of heavy transport vehicle injured in collision with heavy transport vehicle or bus, person on outside of vehicle, nontraffic accident"
V64.3,Motor Vehicle,"Occupant of heavy transport vehicle injured in collision with heavy transport vehicle or bus, unspecified occupant of heavy transport vehicle, nontraffic accident"
V64.4,Motor Vehicle,"Occupant of heavy transport vehicle injured in collision with heavy transport vehicle or bus, while boarding or alighting"
V64.5,Motor Vehicle,"Occupant of heavy transport vehicle injured in collision with heavy transport vehicle or bus, driver, traffic accident"
V64.6,Motor Vehicle,"Occupant of heavy transport vehicle injured in collision with heavy transport vehicle or bus, passenger, traffic accident"
V64.7,Motor Vehicle,"Occupant of heavy transport vehicle injured in collision with heavy transport vehicle or bus, person on outside of vehicle, traffic accident"
V64.9,Motor Vehicle,"Occupant of heavy transport vehicle injured in collision with heavy transport vehicle or bus, unspecified occupant of heavy transport vehicle, traffic accident"
V65.0,Motor Vehicle,"Occupant of heavy transport vehicle injured in collision with railway train or railway vehicle, driver, nontraffic accident"
V65.1,Motor Vehicle,"Occupant of heavy transport vehicle injured in collision with railway train or railway vehicle, passenger, nontraffic accident"
V65.2,Motor Vehicle,"Occupant of heavy transport vehicle injured in collision with railway train or railway vehicle, person on outside of vehicle, nontraffic accident"
V65.3,Motor Vehicle,"Occupant of heavy transport vehicle injured in collision with railway train or railway vehicle, unspecified occupant of heavy transport vehicle, nontraffic accident"
V65.4,Motor Vehicle,"Occupant of heavy transport vehicle injured in collision with railway train or railway vehicle, while boarding or alighting"
V65.5,Motor Vehicle,"Occupant of heavy transport vehicle injured in collision with railway train or railway vehicle, driver, traffic accident"
V65.6,Motor Vehicle,"Occupant of heavy transport vehicle injured in collision with railway train or railway vehicle, passenger, traffic accident"
V65.7,Motor Vehicle,"Occupant of heavy transport vehicle injured in collision with railway train or railway vehicle, person on outside of vehicle, traffic accident"
V65.9,Motor Vehicle,"Occupant of heavy transport vehicle injured in collision with railway train or railway vehicle, unspecified occupant of heavy transport vehicle, traffic accident"
V66.0,Motor Vehicle,"Occupant of heavy transport vehicle injured in collision with other nonmotor vehicle, driver, nontraffic accident"
V66.1,Motor Vehicle,"Occupant of heavy transport vehicle injured in collision with other nonmotor vehicle, passenger, nontraffic accident"
V66.2,Motor Vehicle,"Occupant of heavy transport vehicle injured in collision with other nonmotor vehicle, person on outside of vehicle, nontraffic accident"
V66.3,Motor Vehicle,"Occupant of heavy transport vehicle injured in collision with other nonmotor vehicle, unspecified occupant of heavy transport vehicle, nontraffic accident"
V66.4,Motor Vehicle,"Occupant of heavy transport vehicle injured in collision with other nonmotor vehicle, while boarding or alighting"
V66.5,Motor Vehicle,"Occupant of heavy transport vehicle injured in collision with other nonmotor vehicle, driver, traffic accident"
V66.6,Motor Vehicle,"Occupant of heavy transport vehicle injured in collision with other nonmotor vehicle, passenger, traffic accident"
V66.7,Motor Vehicle,"Occupant of heavy transport vehicle injured in collision with other nonmotor vehicle, person on outside of vehicle, traffic accident"
V66.9,Motor Vehicle,"Occupant of heavy transport vehicle injured in collision with other nonmotor vehicle, unspecified occupant of heavy transport vehicle, traffic accident"
V67.0,Motor Vehicle,"Occupant of heavy transport vehicle injured in collision with fixed or stationary object, driver, nontraffic accident"
V67.1,Motor Vehicle,"Occupant of heavy transport vehicle injured in collision with fixed or stationary object, passenger, nontraffic accident"
V67.2,Motor Vehicle,"Occupant of heavy transport vehicle injured in collision with fixed or stationary object, person on outside of vehicle, nontraffic accident"
V67.3,Motor Vehicle,"Occupant of heavy transport vehicle injured in collision with fixed or stationary object, unspecified occupant of heavy transport vehicle, nontraffic accident"
V67.4,Motor Vehicle,"Occupant of heavy transport vehicle injured in collision with fixed or stationary object, while boarding or alighting"
V67.5,Motor Vehicle,"Occupant of heavy transport vehicle injured in collision with fixed or stationary object, driver, traffic accident"
V67.6,Motor Vehicle,"Occupant of heavy transport vehicle injured in collision with fixed or stationary object, passenger, traffic accident"
V67.7,Motor Vehicle,"Occupant of heavy transport vehicle injured in collision with fixed or stationary object, person on outside of vehicle, traffic accident"
V67.9,Motor Vehicle,"Occupant of heavy transport vehicle injured in collision with fixed or stationary object, unspecified occupant of heavy transport vehicle, traffic accident"
V68.0,Motor Vehicle,"Occupant of heavy transport vehicle injured in noncollision transport accident, driver, nontraffic accident"
V68.1,Motor Vehicle,"Occupant of heavy transport vehicle injured in noncollision transport accident, passenger, nontraffic accident"
V68.2,Motor Vehicle,"Occupant of heavy transport vehicle injured in noncollision transport accident, person on outside of vehicle, nontraffic accident"
V68.3,Motor Vehicle,"Occupant of heavy transport vehicle injured in noncollision transport accident, unspecified occupant of heavy transport vehicle, nontraffic accident"
V68.4,Motor Vehicle,"Occupant of heavy transport vehicle injured in noncollision transport accident, while boarding or alighting"
V68.5,Motor Vehicle,"Occupant of heavy transport vehicle injured in noncollision transport accident, driver, traffic accident"
V68.6,Motor Vehicle,"Occupant of heavy transport vehicle injured in noncollision transport accident, passenger, traffic accident"
V68.7,Motor Vehicle,"Occupant of heavy transport vehicle injured in noncollision transport accident, person on outside of vehicle, traffic accident"
V68.9,Motor Vehicle,"Occupant of heavy transport vehicle injured in noncollision transport accident, unspecified occupant of heavy transport vehicle, traffic accident"
V69.0,Motor Vehicle,Driver of heavy transport vehicle injured in collision with other and unspecified motor vehicles in nontraffic accident
V69.1,Motor Vehicle,Passenger of heavy transport vehicle injured in collision with other and unspecified motor vehicles in nontraffic accident
V69.2,Motor Vehicle,Unspecified occupant of heavy transport vehicle injured in collision with other and unspecified motor vehicles in nontraffic accident
V69.3,Motor Vehicle,Occupant [any] of heavy transport vehicle injured in unspecified nontraffic accident
V69.4,Motor Vehicle,Driver of heavy transport vehicle injured in collision with other and unspecified motor vehicles in traffic accident
V69.5,Motor Vehicle,Passenger of heavy transport vehicle injured in collision with other and unspecified motor vehicles in traffic accident
V69.6,Motor Vehicle,Unspecified occupant of heavy transport vehicle injured in collision with other and unspecified motor vehicles in traffic accident
V69.8,Motor Vehicle,Occupant [any] of heavy transport vehicle injured in other specified transport accidents
V69.9,Motor Vehicle,Occupant [any] of heavy transport vehicle injured in unspecified traffic accident
V70.0,Motor Vehicle,"Bus occupant injured in collision with pedestrian or animal, driver, nontraffic accident"
V70.1,Motor Vehicle,"Bus occupant injured in collision with pedestrian or animal, passenger, nontraffic accident"
V70.2,Motor Vehicle,"Bus occupant injured in collision with pedestrian or animal, person on outside of vehicle, nontraffic accident"
V70.3,Motor Vehicle,"Bus occupant injured in collision with pedestrian or animal, unspecified bus occupant, nontraffic accident"
V70.4,Motor Vehicle,"Bus occupant injured in collision with pedestrian or animal, while boarding or alighting"
V70.5,Motor Vehicle,"Bus occupant injured in collision with pedestrian or animal, driver, traffic accident"
V70.6,Motor Vehicle,"Bus occupant injured in collision with pedestrian or animal, passenger, traffic accident"
V70.7,Motor Vehicle,"Bus occupant injured in collision with pedestrian or animal, person on outside of vehicle, traffic accident"
V70.9,Motor Vehicle,"Bus occupant injured in collision with pedestrian or animal, unspecified bus occupant, traffic accident"
V71.0,Motor Vehicle,"Bus occupant injured in collision with pedal cycle, driver, nontraffic accident"
V71.1,Motor Vehicle,"Bus occupant injured in collision with pedal cycle, passenger, nontraffic accident"
V71.2,Motor Vehicle,"Bus occupant injured in collision with pedal cycle, person on outside of vehicle, nontraffic accident"
V71.3,Motor Vehicle,"Bus occupant injured in collision with pedal cycle, unspecified bus occupant, nontraffic accident"
V71.4,Motor Vehicle,"Bus occupant injured in collision with pedal cycle, while boarding or alighting"
V71.5,Motor Vehicle,"Bus occupant injured in collision with pedal cycle, driver, traffic accident"
V71.6,Motor Vehicle,"Bus occupant injured in collision with pedal cycle, passenger, traffic accident"
V71.7,Motor Vehicle,"Bus occupant injured in collision with pedal cycle, person on outside of vehicle, traffic accident"
V71.9,Motor Vehicle,"Bus occupant injured in collision with pedal cycle, unspecified bus occupant, traffic accident"
V72.0,Motor Vehicle,"Bus occupant injured in collision with two- or three-wheeled motor vehicle, driver, nontraffic accident"
V72.1,Motor Vehicle,"Bus occupant injured in collision with two- or three-wheeled motor vehicle, passenger, nontraffic accident"
V72.2,Motor Vehicle,"Bus occupant injured in collision with two- or three-wheeled motor vehicle, person on outside of vehicle, nontraffic accident"
V72.3,Motor Vehicle,"Bus occupant injured in collision with two- or three-wheeled motor vehicle, unspecified bus occupant, nontraffic accident"
V72.4,Motor Vehicle,"Bus occupant injured in collision with two- or three-wheeled motor vehicle, while boarding or alighting"
V72.5,Motor Vehicle,"Bus occupant injured in collision with two- or three-wheeled motor vehicle, driver, traffic accident"
V72.6,Motor Vehicle,"Bus occupant injured in collision with two- or three-wheeled motor vehicle, passenger, traffic accident"
V72.7,Motor Vehicle,"Bus occupant injured in collision with two- or three-wheeled motor vehicle, person on outside of vehicle, traffic accident"
V72.9,Motor Vehicle,"Bus occupant injured in collision with two- or three-wheeled motor vehicle, unspecified bus occupant, traffic accident"
V73.0,Motor Vehicle,"Bus occupant injured in collision with car, pick-up truck or van, driver, nontraffic accident"
V73.1,Motor Vehicle,"Bus occupant injured in collision with car, pick-up truck or van, passenger, nontraffic accident"
V73.2,Motor Vehicle,"Bus occupant injured in collision with car, pick-up truck or van, person on outside of vehicle, nontraffic accident"
V73.3,Motor Vehicle,"Bus occupant injured in collision with car, pick-up truck or van, unspecified bus occupant, nontraffic accident"
V73.4,Motor Vehicle,"Bus occupant injured in collision with car, pick-up truck or van, while boarding or alighting"
V73.5,Motor Vehicle,"Bus occupant injured in collision with car, pick-up truck or van, driver, traffic accident"
V73.6,Motor Vehicle,"Bus occupant injured in collision with car, pick-up truck or van, passenger, traffic accident"
V73.7,Motor Vehicle,"Bus occupant injured in collision with car, pick-up truck or van, person on outside of vehicle, traffic accident"
V73.9,Motor Vehicle,"Bus occupant injured in collision with car, pick-up truck or van, unspecified bus occupant, traffic accident"
V74.0,Motor Vehicle,"Bus occupant injured in collision with heavy transport vehicle or bus, driver, nontraffic accident"
V74.1,Motor Vehicle,"Bus occupant injured in collision with heavy transport vehicle or bus, passenger, nontraffic accident"
V74.2,Motor Vehicle,"Bus occupant injured in collision with heavy transport vehicle or bus, person on outside of vehicle, nontraffic accident"
V74.3,Motor Vehicle,"Bus occupant injured in collision with heavy transport vehicle or bus, unspecified bus occupant, nontraffic accident"
V74.4,Motor Vehicle,"Bus occupant injured in collision with heavy transport vehicle or bus, while boarding or alighting"
V74.5,Motor Vehicle,"Bus occupant injured in collision with heavy transport vehicle or bus, driver, traffic accident"
V74.6,Motor Vehicle,"Bus occupant injured in collision with heavy transport vehicle or bus, passenger, traffic accident"
V74.7,Motor Vehicle,"Bus occupant injured in collision with heavy transport vehicle or bus, person on outside of vehicle, traffic accident"
V74.9,Motor Vehicle,"Bus occupant injured in collision with heavy transport vehicle or bus, unspecified bus occupant, traffic accident"
V75.0,Motor Vehicle,"Bus occupant injured in collision with railway train or railway vehicle, driver, nontraffic accident"
V75.1,Motor Vehicle,"Bus occupant injured in collision with railway train or railway vehicle, passenger, nontraffic accident"
V75.2,Motor Vehicle,"Bus occupant injured in collision with railway train or railway vehicle, person on outside of vehicle, nontraffic accident"
V75.3,Motor Vehicle,"Bus occupant injured in collision with railway train or railway vehicle, unspecified bus occupant, nontraffic accident"
V75.4,Motor Vehicle,"Bus occupant injured in collision with railway train or railway vehicle, while boarding or alighting"
V75.5,Motor Vehicle,"Bus occupant injured in collision with railway train or railway vehicle, driver, traffic accident"
V75.6,Motor Vehicle,"Bus occupant injured in collision with railway train or railway vehicle, passenger, traffic accident"
V75.7,Motor Vehicle,"Bus occupant injured in collision with railway train or railway vehicle, person on outside of vehicle, traffic accident"
V75.9,Motor Vehicle,"Bus occupant injured in collision with railway train or railway vehicle, unspecified bus occupant, traffic accident"
V76.0,Motor Vehicle,"Bus occupant injured in collision with other nonmotor vehicle, driver, nontraffic accident"
V76.1,Motor Vehicle,"Bus occupant injured in collision with other nonmotor vehicle, passenger, nontraffic accident"
V76.2,Motor Vehicle,"Bus occupant injured in collision with other nonmotor vehicle, person on outside of vehicle, nontraffic accident"
V76.3,Motor Vehicle,"Bus occupant injured in collision with other nonmotor vehicle, unspecified bus occupant, nontraffic accident"
V76.4,Motor Vehicle,"Bus occupant injured in collision with other nonmotor vehicle, while boarding or alighting"
V76.5,Motor Vehicle,"Bus occupant injured in collision with other nonmotor vehicle, driver, traffic accident"
V76.6,Motor Vehicle,"Bus occupant injured in collision with other nonmotor vehicle, passenger, traffic accident"
V76.7,Motor Vehicle,"Bus occupant injured in collision with other nonmotor vehicle, person on outside of vehicle, traffic accident"
V76.9,Motor Vehicle,"Bus occupant injured in collision with other nonmotor vehicle, unspecified bus occupant, traffic accident"
V77.0,Motor Vehicle,"Bus occupant injured in collision with fixed or stationary object, driver, nontraffic accident"
V77.1,Motor Vehicle,"Bus occupant injured in collision with fixed or stationary object, passenger, nontraffic accident"
V77.2,Motor Vehicle,"Bus occupant injured in collision with fixed or stationary object, person on outside of vehicle, nontraffic accident"
V77.3,Motor Vehicle,"Bus occupant injured in collision with fixed or stationary object, unspecified bus occupant, nontraffic accident"
V77.4,Motor Vehicle,"Bus occupant injured in collision with fixed or stationary object, while boarding or alighting"
V77.5,Motor Vehicle,"Bus occupant injured in collision with fixed or stationary object, driver, traffic accident"
V77.6,Motor Vehicle,"Bus occupant injured in collision with fixed or stationary object, passenger, traffic accident"
V77.7,Motor Vehicle,"Bus occupant injured in collision with fixed or stationary object, person on outside of vehicle, traffic accident"
V77.9,Motor Vehicle,"Bus occupant injured in collision with fixed or stationary object, unspecified bus occupant, traffic accident"
V78.0,Motor Vehicle,"Bus occupant injured in noncollision transport accident, driver, nontraffic accident"
V78.1,Motor Vehicle,"Bus occupant injured in noncollision transport accident, passenger, nontraffic accident"
V78.2,Motor Vehicle,"Bus occupant injured in noncollision transport accident, person on outside of vehicle, nontraffic accident"
V78.3,Motor Vehicle,"Bus occupant injured in noncollision transport accident, unspecified bus occupant, nontraffic accident"
V78.4,Motor Vehicle,"Bus occupant injured in noncollision transport accident, while boarding or alighting"
V78.5,Motor Vehicle,"Bus occupant injured in noncollision transport accident, driver, traffic accident"
V78.6,Motor Vehicle,"Bus occupant injured in noncollision transport accident, passenger, traffic accident"
V78.7,Motor Vehicle,"Bus occupant injured in noncollision transport accident, person on outside of vehicle, traffic accident"
V78.9,Motor Vehicle,"Bus occupant injured in noncollision transport accident, unspecified bus occupant, traffic accident"
V79.0,Motor Vehicle,Driver of bus injured in collision with other and unspecified motor vehicles in nontraffic accident
V79.1,Motor Vehicle,Passenger of bus injured in collision with other and unspecified motor vehicles in nontraffic accident
V79.2,Motor Vehicle,Unspecified bus occupant injured in collision with other and unspecified motor vehicles in nontraffic accident
V79.3,Motor Vehicle,Bus occupant [any] injured in unspecified nontraffic accident
V79.4,Motor Vehicle,Driver of bus injured in collision with other and unspecified motor vehicles in traffic accident
V79.5,Motor Vehicle,Passenger of bus injured in collision with other and unspecified motor vehicles in traffic accident
V79.6,Motor Vehicle,Unspecified bus occupant injured in collision with other and unspecified motor vehicles in traffic accident
V79.8,Motor Vehicle,Bus occupant [any] injured in other specified transport accidents
V79.9,Motor Vehicle,Bus occupant [any] injured in unspecified traffic accident
V80.00,other,"Rider or occupant injured by fall from or being thrown from animal or animal-drawn vehicle in noncollision accident, rider of horse"
V80.01,other,"Rider or occupant injured by fall from or being thrown from animal or animal-drawn vehicle in noncollision accident, rider of other animal"
V80.08,other,"Rider or occupant injured by fall from or being thrown from animal or animal-drawn vehicle in noncollision accident, while engaged in other specified activity"
V80.09,other,"Rider or occupant injured by fall from or being thrown from animal or animal-drawn vehicle in noncollision accident, occupant of animal-drawn vehicle"
V80.10,other,"Rider or occupant injured in collision with pedestrian or animal, rider of horse"
V80.11,other,"Rider or occupant injured in collision with pedestrian or animal, rider of other animal"
V80.18,other,"Rider or occupant injured in collision with pedestrian or animal, while engaged in other specified activity"
V80.19,other,"Rider or occupant injured in collision with pedestrian or animal, occupant of animal-drawn vehicle"
V80.20,other,"Rider or occupant injured in collision with pedal cycle, rider of horse"
V80.21,other,"Rider or occupant injured in collision with pedal cycle, rider of other animal"
V80.28,other,"Rider or occupant injured in collision with pedal cycle, while engaged in other specified activity"
V80.29,other,"Rider or occupant injured in collision with pedal cycle, occupant of animal-drawn vehicle"
V80.30,other,"Rider or occupant injured in collision with two- or three-wheeled motor vehicle, rider of horse"
V80.31,other,"Rider or occupant injured in collision with two- or three-wheeled motor vehicle, rider of other animal"
V80.38,other,"Rider or occupant injured in collision with two- or three-wheeled motor vehicle, while engaged in other specified activity"
V80.39,other,"Rider or occupant injured in collision with two- or three-wheeled motor vehicle, occupant of animal-drawn vehicle"
V80.40,other,"Rider or occupant injured in collision with car, pick-up truck, van, heavy transport vehicle or bus, rider of horse"
V80.41,other,"Rider or occupant injured in collision with car, pick-up truck, van, heavy transport vehicle or bus, rider of other animal"
V80.48,other,"Rider or occupant injured in collision with car, pick-up truck, van, heavy transport vehicle or bus, while engaged in other specified activity"
V80.49,other,"Rider or occupant injured in collision with car, pick-up truck, van, heavy transport vehicle or bus, occupant of animal-drawn vehicle"
V80.50,other,"Rider or occupant injured in collision with other specified motor vehicle, rider of horse"
V80.51,other,"Rider or occupant injured in collision with other specified motor vehicle, rider of other animal"
V80.58,other,"Rider or occupant injured in collision with other specified motor vehicle, while engaged in other specified activity"
V80.59,other,"Rider or occupant injured in collision with other specified motor vehicle, occupant of animal-drawn vehicle"
V80.60,other,"Rider or occupant injured in collision with railway train or railway vehicle, rider of horse"
V80.61,other,"Rider or occupant injured in collision with railway train or railway vehicle, rider of other animal"
V80.68,other,"Rider or occupant injured in collision with railway train or railway vehicle, while engaged in other specified activity"
V80.69,other,"Rider or occupant injured in collision with railway train or railway vehicle, occupant of animal-drawn vehicle"
V80.70,other,"Rider or occupant injured in collision with other nonmotor vehicle, rider of horse"
V80.71,other,"Rider or occupant injured in collision with other nonmotor vehicle, rider of other animal"
V80.78,other,"Rider or occupant injured in collision with other nonmotor vehicle, while engaged in other specified activity"
V80.79,other,"Rider or occupant injured in collision with other nonmotor vehicle, occupant of animal-drawn vehicle"
V80.80,other,"Rider or occupant injured in collision with fixed or stationary object, rider of horse"
V80.81,other,"Rider or occupant injured in collision with fixed or stationary object, rider of other animal"
V80.88,other,"Rider or occupant injured in collision with fixed or stationary object, while engaged in other specified activity"
V80.89,other,"Rider or occupant injured in collision with fixed or stationary object, occupant of animal-drawn vehicle"
V80.90,other,"Rider or occupant injured in other and unspecified transport accidents, rider of horse"
V80.91,other,"Rider or occupant injured in other and unspecified transport accidents, rider of other animal"
V80.98,other,"Rider or occupant injured in other and unspecified transport accidents, while engaged in other specified activity"
V80.99,other,"Rider or occupant injured in other and unspecified transport accidents, occupant of animal-drawn vehicle"
V81.0,Motor Vehicle,Occupant of railway train or railway vehicle injured in collision with motor vehicle in nontraffic accident
V81.1,Motor Vehicle,Occupant of railway train or railway vehicle injured in collision with motor vehicle in traffic accident
V81.2,Motor Vehicle,Occupant of railway train or railway vehicle injured in collision with or hit by rolling stock
V81.3,Motor Vehicle,Occupant of railway train or railway vehicle injured in collision with other object
V81.4,Motor Vehicle,Person injured while boarding or alighting from railway train or railway vehicle
V81.5,Motor Vehicle,Occupant of railway train or railway vehicle injured by fall in railway train or railway vehicle
V81.6,Motor Vehicle,Occupant of railway train or railway vehicle injured by fall from railway train or railway vehicle
V81.7,Motor Vehicle,Occupant of railway train or railway vehicle injured in derailment without antecedent collision
V81.8,Motor Vehicle,Occupant of railway train or railway vehicle injured in other specified railway accidents
V81.9,Motor Vehicle,Occupant of railway train or railway vehicle injured in unspecified railway accident
V82.0,Motor Vehicle,Occupant of streetcar injured in collision with motor vehicle in nontraffic accident
V82.1,Motor Vehicle,Occupant of streetcar injured in collision with motor vehicle in traffic accident
V82.2,Motor Vehicle,Occupant of streetcar injured in collision with or hit by rolling stock
V82.3,Motor Vehicle,Occupant of streetcar injured in collision with other object
V82.4,Motor Vehicle,Person injured while boarding or alighting from streetcar
V82.5,Motor Vehicle,Occupant of streetcar injured by fall in streetcar
V82.6,Motor Vehicle,Occupant of streetcar injured by fall from streetcar
V82.7,Motor Vehicle,Occupant of streetcar injured in derailment without antecedent collision
V82.8,Motor Vehicle,Occupant of streetcar injured in other specified transport accidents
V82.9,Motor Vehicle,Occupant of streetcar injured in unspecified traffic accident
V83.0,Motor Vehicle,Driver of special industrial vehicle injured in traffic accident
V83.1,Motor Vehicle,Passenger of special industrial vehicle injured in traffic accident
V83.2,Motor Vehicle,Person on outside of special industrial vehicle injured in traffic accident
V83.3,Motor Vehicle,Unspecified occupant of special industrial vehicle injured in traffic accident
V83.4,Motor Vehicle,Person injured while boarding or alighting from special industrial vehicle
V83.5,Motor Vehicle,Driver of special industrial vehicle injured in nontraffic accident
V83.6,Motor Vehicle,Passenger of special industrial vehicle injured in nontraffic accident
V83.7,Motor Vehicle,Person on outside of special industrial vehicle injured in nontraffic accident
V83.9,Motor Vehicle,Unspecified occupant of special industrial vehicle injured in nontraffic accident
V84.0,Motor Vehicle,Driver of special agricultural vehicle injured in traffic accident
V84.1,Motor Vehicle,Passenger of special agricultural vehicle injured in traffic accident
V84.2,Motor Vehicle,Person on outside of special agricultural vehicle injured in traffic accident
V84.3,Motor Vehicle,Unspecified occupant of special agricultural vehicle injured in traffic accident
V84.4,Motor Vehicle,Person injured while boarding or alighting from special agricultural vehicle
V84.5,Motor Vehicle,Driver of special agricultural vehicle injured in nontraffic accident
V84.6,Motor Vehicle,Passenger of special agricultural vehicle injured in nontraffic accident
V84.7,Motor Vehicle,Person on outside of special agricultural vehicle injured in nontraffic accident
V84.9,Motor Vehicle,Unspecified occupant of special agricultural vehicle injured in nontraffic accident
V85.0,Motor Vehicle,Driver of special construction vehicle injured in traffic accident
V85.1,Motor Vehicle,Passenger of special construction vehicle injured in traffic accident
V85.2,Motor Vehicle,Person on outside of special construction vehicle injured in traffic accident
V85.3,Motor Vehicle,Unspecified occupant of special construction vehicle injured in traffic accident
V85.4,Motor Vehicle,Person injured while boarding or alighting from special construction vehicle
V85.5,Motor Vehicle,Driver of special construction vehicle injured in nontraffic accident
V85.6,Motor Vehicle,Passenger of special construction vehicle injured in nontraffic accident
V85.7,Motor Vehicle,Person on outside of special construction vehicle injured in nontraffic accident
V85.9,Motor Vehicle,Unspecified occupant of special construction vehicle injured in nontraffic accident
V86.00,Motor Vehicle,"Driver of all-terrain or other off-road motor vehicle injured in traffic accident, two-wheeled special all-terrain or other off-road motor vehicle"
V86.01,Motor Vehicle,"Driver of all-terrain or other off-road motor vehicle injured in traffic accident, three-wheeled special all-terrain or other off-road motor vehicle"
V86.02,Motor Vehicle,"Driver of all-terrain or other off-road motor vehicle injured in traffic accident, four-wheeled special all-terrain or other off-road motor vehicle"
V86.08,Motor Vehicle,"Driver of all-terrain or other off-road motor vehicle injured in traffic accident, while engaged in other specified activity"
V86.09,Motor Vehicle,"Driver of all-terrain or other off-road motor vehicle injured in traffic accident, special all-terrain or other off-road motor vehicle, unspecified number of wheels"
V86.10,Motor Vehicle,"Passenger of all-terrain or other off-road motor vehicle injured in traffic accident, two-wheeled special all-terrain or other off-road motor vehicle"
V86.11,Motor Vehicle,"Passenger of all-terrain or other off-road motor vehicle injured in traffic accident, three-wheeled special all-terrain or other off-road motor vehicle"
V86.12,Motor Vehicle,"Passenger of all-terrain or other off-road motor vehicle injured in traffic accident, four-wheeled special all-terrain or other off-road motor vehicle"
V86.18,Motor Vehicle,"Passenger of all-terrain or other off-road motor vehicle injured in traffic accident, while engaged in other specified activity"
V86.19,Motor Vehicle,"Passenger of all-terrain or other off-road motor vehicle injured in traffic accident, special all-terrain or other off-road motor vehicle, unspecified number of wheels"
V86.20,Motor Vehicle,"Person on outside of all-terrain or other off-road motor vehicle injured in traffic accident, two-wheeled special all-terrain or other off-road motor vehicle"
V86.21,Motor Vehicle,"Person on outside of all-terrain or other off-road motor vehicle injured in traffic accident, three-wheeled special all-terrain or other off-road motor vehicle"
V86.22,Motor Vehicle,"Person on outside of all-terrain or other off-road motor vehicle injured in traffic accident, four-wheeled special all-terrain or other off-road motor vehicle"
V86.28,Motor Vehicle,"Person on outside of all-terrain or other off-road motor vehicle injured in traffic accident, while engaged in other specified activity"
V86.29,Motor Vehicle,"Person on outside of all-terrain or other off-road motor vehicle injured in traffic accident, special all-terrain or other off-road motor vehicle, unspecified number of wheels"
V86.30,Motor Vehicle,"Unspecified occupant of all-terrain or other off-road motor vehicle injured in traffic accident, two-wheeled special all-terrain or other off-road motor vehicle"
V86.31,Motor Vehicle,"Unspecified occupant of all-terrain or other off-road motor vehicle injured in traffic accident, three-wheeled special all-terrain or other off-road motor vehicle"
V86.32,Motor Vehicle,"Unspecified occupant of all-terrain or other off-road motor vehicle injured in traffic accident, four-wheeled special all-terrain or other off-road motor vehicle"
V86.38,Motor Vehicle,"Unspecified occupant of all-terrain or other off-road motor vehicle injured in traffic accident, while engaged in other specified activity"
V86.39,Motor Vehicle,"Unspecified occupant of all-terrain or other off-road motor vehicle injured in traffic accident, special all-terrain or other off-road motor vehicle, unspecified number of wheels"
V86.40,Motor Vehicle,"Person injured while boarding or alighting from all-terrain or other off-road motor vehicle, two-wheeled special all-terrain or other off-road motor vehicle"
V86.41,Motor Vehicle,"Person injured while boarding or alighting from all-terrain or other off-road motor vehicle, three-wheeled special all-terrain or other off-road motor vehicle"
V86.42,Motor Vehicle,"Person injured while boarding or alighting from all-terrain or other off-road motor vehicle, four-wheeled special all-terrain or other off-road motor vehicle"
V86.48,Motor Vehicle,"Person injured while boarding or alighting from all-terrain or other off-road motor vehicle, while engaged in other specified activity"
V86.49,Motor Vehicle,"Person injured while boarding or alighting from all-terrain or other off-road motor vehicle, special all-terrain or other off-road motor vehicle, unspecified number of wheels"
V86.50,Motor Vehicle,"Driver of all-terrain or other off-road motor vehicle injured in nontraffic accident, two-wheeled special all-terrain or other off-road motor vehicle"
V86.51,Motor Vehicle,"Driver of all-terrain or other off-road motor vehicle injured in nontraffic accident, three-wheeled special all-terrain or other off-road motor vehicle"
V86.52,Motor Vehicle,"Driver of all-terrain or other off-road motor vehicle injured in nontraffic accident, four-wheeled special all-terrain or other off-road motor vehicle"
V86.58,Motor Vehicle,"Driver of all-terrain or other off-road motor vehicle injured in nontraffic accident, while engaged in other specified activity"
V86.59,Motor Vehicle,"Driver of all-terrain or other off-road motor vehicle injured in nontraffic accident, special all-terrain or other off-road motor vehicle, unspecified number of wheels"
V86.60,Motor Vehicle,"Passenger of all-terrain or other off-road motor vehicle injured in nontraffic accident, two-wheeled special all-terrain or other off-road motor vehicle"
V86.61,Motor Vehicle,"Passenger of all-terrain or other off-road motor vehicle injured in nontraffic accident, three-wheeled special all-terrain or other off-road motor vehicle"
V86.62,Motor Vehicle,"Passenger of all-terrain or other off-road motor vehicle injured in nontraffic accident, four-wheeled special all-terrain or other off-road motor vehicle"
V86.68,Motor Vehicle,"Passenger of all-terrain or other off-road motor vehicle injured in nontraffic accident, while engaged in other specified activity"
V86.69,Motor Vehicle,"Passenger of all-terrain or other off-road motor vehicle injured in nontraffic accident, special all-terrain or other off-road motor vehicle, unspecified number of wheels"
V86.70,Motor Vehicle,"Person on outside of all-terrain or other off-road motor vehicle injured in nontraffic accident, two-wheeled special all-terrain or other off-road motor vehicle"
V86.71,Motor Vehicle,"Person on outside of all-terrain or other off-road motor vehicle injured in nontraffic accident, three-wheeled special all-terrain or other off-road motor vehicle"
V86.72,Motor Vehicle,"Person on outside of all-terrain or other off-road motor vehicle injured in nontraffic accident, four-wheeled special all-terrain or other off-road motor vehicle"
V86.78,Motor Vehicle,"Person on outside of all-terrain or other off-road motor vehicle injured in nontraffic accident, while engaged in other specified activity"
V86.79,Motor Vehicle,"Person on outside of all-terrain or other off-road motor vehicle injured in nontraffic accident, special all-terrain or other off-road motor vehicle, unspecified number of wheels"
V86.90,Motor Vehicle,"Unspecified occupant of all-terrain or other off-road motor vehicle injured in nontraffic accident, two-wheeled special all-terrain or other off-road motor vehicle"
V86.91,Motor Vehicle,"Unspecified occupant of all-terrain or other off-road motor vehicle injured in nontraffic accident, three-wheeled special all-terrain or other off-road motor vehicle"
V86.92,Motor Vehicle,"Unspecified occupant of all-terrain or other off-road motor vehicle injured in nontraffic accident, four-wheeled special all-terrain or other off-road motor vehicle"
V86.98,Motor Vehicle,"Unspecified occupant of all-terrain or other off-road motor vehicle injured in nontraffic accident, while engaged in other specified activity"
V86.99,Motor Vehicle,"Unspecified occupant of all-terrain or other off-road motor vehicle injured in nontraffic accident, special all-terrain or other off-road motor vehicle, unspecified number of wheels"
V87.0,Motor Vehicle,Person injured in collision between car and two- or three-wheeled motor vehicle (traffic)
V87.1,Motor Vehicle,Person injured in collision between other motor vehicle and two- or three-wheeled motor vehicle (traffic)
V87.2,Motor Vehicle,Person injured in collision between car and pick-up truck or van (traffic)
V87.3,Motor Vehicle,Person injured in collision between car and bus (traffic)
V87.4,Motor Vehicle,Person injured in collision between car and heavy transport vehicle (traffic)
V87.5,Motor Vehicle,Person injured in collision between heavy transport vehicle and bus (traffic)
V87.6,Motor Vehicle,Person injured in collision between railway train or railway vehicle and car (traffic)
V87.7,Motor Vehicle,Person injured in collision between other specified motor vehicles (traffic)
V87.8,Motor Vehicle,Person injured in other specified noncollision transport accidents involving motor vehicle (traffic)
V87.9,Motor Vehicle,Person injured in other specified (collision)(noncollision) transport accidents involving nonmotor vehicle (traffic)
V88.0,Motor Vehicle,"Person injured in collision between car and two- or three-wheeled motor vehicle, nontraffic"
V88.1,Motor Vehicle,"Person injured in collision between other motor vehicle and two- or three-wheeled motor vehicle, nontraffic"
V88.2,Motor Vehicle,"Person injured in collision between car and pick-up truck or van, nontraffic"
V88.3,Motor Vehicle,"Person injured in collision between car and bus, nontraffic"
V88.4,Motor Vehicle,"Person injured in collision between car and heavy transport vehicle, nontraffic"
V88.5,Motor Vehicle,"Person injured in collision between heavy transport vehicle and bus, nontraffic"
V88.6,Motor Vehicle,"Person injured in collision between railway train or railway vehicle and car, nontraffic"
V88.7,Motor Vehicle,"Person injured in collision between other specified motor vehicles, nontraffic"
V88.8,Motor Vehicle,"Person injured in other specified noncollision transport accidents involving motor vehicle, nontraffic"
V88.9,Motor Vehicle,"Person injured in other specified (collision)(noncollision) transport accidents involving nonmotor vehicle, nontraffic"
V89.0,Motor Vehicle,"Person injured in unspecified motor-vehicle accident, nontraffic"
V89.1,Motor Vehicle,"Person injured in unspecified nonmotor-vehicle accident, nontraffic"
V89.2,Motor Vehicle,"Person injured in unspecified motor-vehicle accident, traffic"
V89.3,Motor Vehicle,"Person injured in unspecified nonmotor-vehicle accident, traffic"
V89.9,Motor Vehicle,Person injured in unspecified vehicle accident
V90.0,other,"Accident to watercraft causing drowning and submersion, merchant ship"
V90.1,other,"Accident to watercraft causing drowning and submersion, passenger ship"
V90.2,other,"Accident to watercraft causing drowning and submersion, fishing boat"
V90.3,other,"Accident to watercraft causing drowning and submersion, other powered watercraft"
V90.4,other,"Accident to watercraft causing drowning and submersion, sailboat"
V90.5,other,"Accident to watercraft causing drowning and submersion, canoe or kayak"
V90.6,other,"Accident to watercraft causing drowning and submersion, inflatable craft (nonpowered)"
V90.7,other,"Accident to watercraft causing drowning and submersion, water-skis"
V90.8,other,"Accident to watercraft causing drowning and submersion, other unpowered watercraft"
V90.9,other,"Accident to watercraft causing drowning and submersion, unspecified watercraft"
V91.0,other,"Accident to watercraft causing other injury, merchant ship"
V91.1,other,"Accident to watercraft causing other injury, passenger ship"
V91.2,other,"Accident to watercraft causing other injury, fishing boat"
V91.3,other,"Accident to watercraft causing other injury, other powered watercraft"
V91.4,other,"Accident to watercraft causing other injury, sailboat"
V91.5,other,"Accident to watercraft causing other injury, canoe or kayak"
V91.6,other,"Accident to watercraft causing other injury, inflatable craft (nonpowered)"
V91.7,other,"Accident to watercraft causing other injury, water-skis"
V91.8,other,"Accident to watercraft causing other injury, other unpowered watercraft"
V91.9,other,"Accident to watercraft causing other injury, unspecified watercraft"
V92.0,other,"Water-transport-related drowning and submersion without accident to watercraft, merchant ship"
V92.1,other,"Water-transport-related drowning and submersion without accident to watercraft, passenger ship"
V92.2,other,"Water-transport-related drowning and submersion without accident to watercraft, fishing boat"
V92.3,other,"Water-transport-related drowning and submersion without accident to watercraft, other powered watercraft"
V92.4,other,"Water-transport-related drowning and submersion without accident to watercraft, sailboat"
V92.5,other,"Water-transport-related drowning and submersion without accident to watercraft, canoe or kayak"
V92.6,other,"Water-transport-related drowning and submersion without accident to watercraft, inflatable craft (nonpowered)"
V92.7,other,"Water-transport-related drowning and submersion without accident to watercraft, water-skis"
V92.8,other,"Water-transport-related drowning and submersion without accident to watercraft, other unpowered watercraft"
V92.9,other,"Water-transport-related drowning and submersion without accident to watercraft, unspecified watercraft"
V93.0,other,"Accident on board watercraft without accident to watercraft, not causing drowning and submersion, merchant ship"
V93.1,other,"Accident on board watercraft without accident to watercraft, not causing drowning and submersion, passenger ship"
V93.2,other,"Accident on board watercraft without accident to watercraft, not causing drowning and submersion, fishing boat"
V93.3,other,"Accident on board watercraft without accident to watercraft, not causing drowning and submersion, other powered watercraft"
V93.4,other,"Accident on board watercraft without accident to watercraft, not causing drowning and submersion, sailboat"
V93.5,other,"Accident on board watercraft without accident to watercraft, not causing drowning and submersion, canoe or kayak"
V93.6,other,"Accident on board watercraft without accident to watercraft, not causing drowning and submersion, inflatable craft (nonpowered)"
V93.7,other,"Accident on board watercraft without accident to watercraft, not causing drowning and submersion, water-skis"
V93.8,other,"Accident on board watercraft without accident to watercraft, not causing drowning and submersion, other unpowered watercraft"
V93.9,other,"Accident on board watercraft without accident to watercraft, not causing drowning and submersion, unspecified watercraft"
V94.0,other,"Other and unspecified water transport accidents, merchant ship"
V94.1,other,"Other and unspecified water transport accidents, passenger ship"
V94.2,other,"Other and unspecified water transport accidents, fishing boat"
V94.3,other,"Other and unspecified water transport accidents, other powered watercraft"
V94.4,other,"Other and unspecified water transport accidents, sailboat"
V94.5,other,"Other and unspecified water transport accidents, canoe or kayak"
V94.6,other,"Other and unspecified water transport accidents, inflatable craft (nonpowered)"
V94.7,other,"Other and unspecified water transport accidents, water-skis"
V94.8,other,"Other and unspecified water transport accidents, other unpowered watercraft"
V94.9,other,"Other and unspecified water transport accidents, unspecified watercraft"
V95.0,Motor Vehicle,Helicopter accident injuring occupant
V95.1,Motor Vehicle,"Ultralight, microlight or powered-glider accident injuring occupant"
V95.2,Motor Vehicle,"Accident to other private fixed-wing aircraft, injuring occupant"
V95.3,Motor Vehicle,"Accident to commercial fixed-wing aircraft, injuring occupant"
V95.4,Motor Vehicle,Spacecraft accident injuring occupant
V95.8,Motor Vehicle,Other aircraft accidents injuring occupant
V95.9,Motor Vehicle,Unspecified aircraft accident injuring occupant
V96.0,Motor Vehicle,Balloon accident injuring occupant
V96.1,Motor Vehicle,Hang-glider accident injuring occupant
V96.2,Motor Vehicle,Glider (nonpowered) accident injuring occupant
V96.8,Motor Vehicle,Other nonpowered-aircraft accidents injuring occupant
V96.9,Motor Vehicle,Unspecified nonpowered-aircraft accident injuring occupant
V97.0,Motor Vehicle,Occupant of aircraft injured in other specified air transport accidents
V97.1,Motor Vehicle,Person injured while boarding or alighting from aircraft
V97.2,Motor Vehicle,Parachutist injured in air transport accident
V97.3,Motor Vehicle,Person on ground injured in air transport accident
V97.8,Motor Vehicle,"Other air transport accidents, not elsewhere classified"
V98,Motor Vehicle,Other specified transport accidents
V99,Motor Vehicle,Unspecified transport accident
W00,Snow,Fall on same level involving ice and snow
W01.0,Low Fall,Fall on same level from slipping
W01.1,Low Fall,Fall on same level from tripping
W01.2,Low Fall,Fall on same level from stumbling
W02.0,Low Fall,Fall involving roller-skates
W02.1,Low Fall,Fall involving skateboard
W02.2,Low Fall,Fall involving water ski
W02.3,Snow,Fall involving snow ski
W02.4,Snow,Fall involving snow board
W02.5,Low Fall,Fall involving ice-skates
W02.6,Low Fall,"Fall involving scooter, nonpowered"
W02.7,Low Fall,Fall involving baby carriage
W02.8,Low Fall,Fall involving baby walker
W02.9,motorcycle,Fall involving other and unspecified pedestrian conveyance
W03,Low Fall,"Other fall on same level due to collision with, or pushing by, another person"
W04,Low Fall,Fall while being carried or supported by other persons
W05,Low Fall,Fall involving wheelchair
W06.0,High Fall,Fall involving bunk bed
W06.00,High Fall,"Fall involving bed, home, while engaged in sports activity"
W06.1,High Fall,Fall involving special purpose bed
W06.2,High Fall,Fall involving cot
W06.3,High Fall,Fall involving bassinet
W06.4,High Fall,Fall involving cradle
W06.5,High Fall,Fall involving hammock
W06.6,High Fall,Fall involving conventional bed
W06.70,High Fall,"Fall involving bed, farm, while engaged in sports activity"
W06.8,High Fall,Fall involving other specified bed
W06.9,High Fall,Fall involving unspecified bed
W07.0,High Fall,Fall involving rocking chair
W07.1,High Fall,Fall involving folding chair
W07.2,High Fall,Fall involving revolving chair
W07.3,High Fall,Fall involving stool
W07.4,High Fall,Fall involving high-chair
W07.5,High Fall,Fall involving bath chair
W07.6,High Fall,Fall involving commode chair
W07.7,High Fall,Fall involving lift assistance chair
W07.8,High Fall,Fall involving other specified chair
W07.9,High Fall,Fall involving unspecified chair
W08.0,High Fall,Fall involving baby change table
W08.1,High Fall,Fall involving baby exerciser
W08.2,High Fall,Fall involving table
W08.8,High Fall,Fall involving other specified furniture
W08.9,High Fall,Fall involving unspecified furniture
W09.0,High Fall,Fall involving tree house
W09.1,High Fall,Fall involving flying fox
W09.2,High Fall,Fall involving playground climbing apparatus
W09.3,High Fall,Fall involving slide
W09.4,High Fall,Fall involving swing
W09.5,High Fall,Fall involving seesaw
W09.6,High Fall,Fall involving trampoline
W09.8,High Fall,Fall involving other specified playground equipment
W09.9,High Fall,Fall involving unspecified playground equipment
W10.0,High Fall,Fall on and from escalator
W10.1,High Fall,Fall on and from travelator
W10.2,High Fall,Fall on and from ramp
W10.9,High Fall,Fall on and from other and unspecified stairs and steps
W11,High Fall,Fall on and from ladder
W12,High Fall,Fall on and from scaffolding
W13.0,High Fall,Fall from or through balcony or verandah
W13.1,High Fall,Fall out of or through window
W13.2,High Fall,Fall out of or through glass door
W13.3,High Fall,Fall from roof
W13.4,High Fall,Fall through roof
W13.5,High Fall,Fall from or through floor
W13.8,High Fall,"Fall from, out of or through other specified building or structure"
W13.9,High Fall,"Fall from, out of or through unspecified building or structure"
W14,High Fall,Fall from tree
W15,High Fall,Fall from cliff
W16.0,High Fall,Diving or jumping into water striking or hitting bottom
W16.1,High Fall,Diving or jumping into water striking or hitting wall or diving board
W16.2,High Fall,Diving or jumping into water striking or hitting water surface
W16.9,High Fall,Other and unspecified contact when diving or jumping into water causing injury other than drowning or submersion
W17.0,High Fall,Fall into hole
W17.1,High Fall,Fall into quarry
W17.2,High Fall,Fall into storm drain
W17.3,High Fall,Fall into shaft
W17.4,High Fall,Fall into empty swimming-pool
W17.8,High Fall,Other specified fall from one level to another
W17.9,High Fall,Unspecified fall from one level to another
W18.0,Low Fall,Fall from bumping against object
W18.1,Low Fall,Fall from or off toilet
W18.2,Low Fall,Fall in or into bath-tub or shower
W18.8,Low Fall,Other specified fall on same level
W18.9,Low Fall,Unspecified fall on same level
W19,Low Fall,Unspecified fall
W20,Other,"Struck by thrown, projected or falling object"
W21.0,Other,Striking against or struck by bat and racquet
W21.1,Other,Striking against or struck by ball
W21.2,Other,Striking against or struck by object or structure on or near sports area
W21.8,Other,Striking against or struck by other sports equipment
W21.9,Other,Striking against or struck by unspecified sports equipment
W22,Other,Striking against or struck by other objects
W23.0,Other,"Caught, crushed, jammed or pinched in or between door"
W23.8,Other,"Caught, crushed, jammed or pinched in or between other objects"
W24,Other,"Contact with lifting and transmission devices, not elsewhere classified"
W25,Other,Contact with sharp glass
W26,Other,"Contact with knife, sword or dagger"
W27,Other,Contact with nonpowered hand tool
W28,Other,Contact with powered lawnmower
W29.0,Other,Contact with powered grinder
W29.1,Other,Contact with powered saw
W29.2,Other,Contact with chainsaw
W29.3,Other,Contact with powered nail gun
W29.4,Other,Contact with welding equipment
W29.5,Other,Contact with powered drill
W29.6,Other,Contact with electric knife
W29.8,Other,Contact with other specified powered hand tools and household machinery
W29.9,Other,Contact with unspecified powered hand tools and household machinery
W30.0,Other,"Contact with grain auger, elevator and conveyor"
W30.1,Other,Contact with harvesting machinery
W30.3,Other,Contact with hay baler and haying implements
W30.8,Other,Contact with other specified agricultural machinery
W30.9,Other,Contact with unspecified agricultural machinery
W31.0,Other,Contact with mining and earth drilling machinery
W31.1,Other,Contact with metalworking machinery
W31.2,Other,Contact with woodworking and forming machinery
W31.3,Other,Contact with prime mover
W31.4,Other,"Contact with earthmoving, scraping and other excavating machinery"
W31.8,Other,Contact with other specified machinery
W31.9,Other,Contact with unspecified machinery
W32,Other,Handgun discharge
W34.1,Other,Accidental air rifle discharge
W34.2,Other,Accidental shotgun discharge
W34.3,Other,Accidental small calibre rifle discharge
W34.4,Other,Accidental large calibre rifle discharge
W34.9,Other,Accidental discharge from other and unspecified firearms
W35,Other,Explosion and rupture of boiler
W36,Other,Explosion and rupture of gas cylinder
W37,Other,"Explosion and rupture of pressurised tyre, pipe or hose"
W38,Other,Explosion and rupture of other specified pressurised devices
W39,Other,Discharge of firework
W40,Other,Explosion of other materials
W41,Other,Exposure to high-pressure jet
W42,Other,Exposure to noise
W43,Other,Exposure to vibration
W44,Other,Foreign body entering into or through eye or natural orifice
W45.0,Other,Body piercing
W46,Other,Contact with hypodermic needle
W49,Other,Exposure to other and unspecified inanimate mechanical forces
W50,Other,"Hit, struck, kicked, twisted, bitten or scratched by another person"
W51,Other,Striking against or bumped into by another person
W52,Other,"Crushed, pushed or stepped on by crowd or human stampede"
W53,Other,Bitten by rat
W54.0,Other,Bitten by dog
W54.8,Other,Other contact with dog
W55.0,Other,Bitten or struck by horse
W55.1,Other,Bitten or struck by cat
W55.2,Other,Bitten or struck by cattle
W55.3,Other,Bitten or struck by sheep
W55.8,Other,Bitten or struck by other specified mammal
W55.9,Other,Bitten or struck by unspecified mammal
W56.0,Other,Contact with shark
W56.8,Other,Contact with other specified marine animal
W56.9,Other,Contact with unspecified marine animal
W57,Other,Bitten or stung by nonvenomous insect and other nonvenomous arthropods
W58,Other,Bitten or struck by crocodile or alligator
W59.0,Other,Bitten or crushed by nonvenomous snake
W59.1,Other,"Bitten or crushed by snake, unknown whether venomous or nonvenomous"
W59.8,Other,Bitten or crushed by other specified reptile
W60,Other,Contact with plant thorns and spines and sharp leaves
W61.0,Other,Contact with magpie
W61.8,Other,Contact with other specified bird
W61.9,Other,Contact with unspecified bird
W64,Other,Exposure to other and unspecified animate mechanical forces
W65.0,Other,Drowning and submersion while in bath-tub
W65.1,Other,"Drowning and submersion while in indoor spa, Jacuzzi and hot tub"
W66.0,Other,Drowning and submersion following fall into bath-tub
W66.1,Other,"Drowning and submersion following fall into indoor spa, Jacuzzi and hot tub"
W67.0,Other,Drowning and submersion while in swimming-pool
W67.1,Other,"Drowning and submersion while in outdoor spa, Jacuzzi and hot tub"
W68.0,Other,Drowning and submersion following fall into swimming-pool
W68.1,Other,"Drowning and submersion following fall into outdoor spa, Jacuzzi and hot tub"
W69,Other,Drowning and submersion while in natural water
W70,Other,Drowning and submersion following fall into natural water
W73,Other,Other specified drowning and submersion
W74,Other,Unspecified drowning and submersion
W75,Other,Accidental suffocation and strangulation in bed
W76,Other,Other accidental hanging and strangulation
W77,Other,"Threat to breathing due to cave-in, falling earth and other substances"
W78,Other,Inhalation of gastric contents
W79,Other,Inhalation and ingestion of food causing obstruction of respiratory tract
W80.0,Other,"Inhalation and ingestion of other objects causing obstruction of respiratory tract, coin"
W80.1,Other,"Inhalation and ingestion of other objects causing obstruction of respiratory tract, toy"
W80.2,Other,"Inhalation and ingestion of other objects causing obstruction of respiratory tract, battery"
W80.8,Other,"Inhalation and ingestion of other objects causing obstruction of respiratory tract, other specified object"
W80.9,Other,"Inhalation and ingestion of other objects causing obstruction of respiratory tract, unspecified object"
W81,Other,Confined to or trapped in a low-oxygen environment
W83,Other,Other specified threats to breathing
W84,Other,Unspecified threat to breathing
W85,Other,Exposure to electric transmission lines
W86,Other,Exposure to other specified electric current
W87,Other,Exposure to unspecified electric current
W88,Other,Exposure to ionising radiation
W89,Other,Exposure to man-made visible and ultraviolet light
W90,Other,Exposure to other nonionising radiation
W91,Other,Exposure to unspecified type of radiation
W92,Other,Exposure to excessive heat of man-made origin
W93,Other,Exposure to excessive cold of man-made origin
W94,Other,Exposure to high and low air pressure and changes in air pressure
W99,Other,Exposure to other and unspecified man-made environmental factors
X00,Other,Exposure to uncontrolled fire in building or structure
X01,Other,"Exposure to uncontrolled fire, not in building or structure"
X02,Other,Exposure to controlled fire in building or structure
X03,Other,"Exposure to controlled fire, not in building or structure"
X04,Other,Exposure to ignition of highly flammable material
X05,Other,Exposure to ignition or melting of nightwear
X06,Other,Exposure to ignition or melting of other clothing and apparel
X08,Other,"Exposure to other specified smoke, fire and flames"
X09,Other,"Exposure to unspecified smoke, fire and flames"
X10.0,Other,Contact with hot drink
X11.0,Other,Contact with running hot tap-water
X12,Other,Contact with other hot fluids
X13.0,Other,Contact with steam from motor vehicle radiator
X13.1,Other,Contact with steam and hot vapours from food
X13.8,Other,Contact with steam and hot vapours from other sources
X13.9,Other,Contact with unspecified steam and hot vapours
X14,Other,Contact with hot air and gases
X15.0,Other,"Contact with hot stove, oven or cook-top"
X15.1,Other,Contact with hot saucepan or frying pan
X15.2,Other,Contact with hot toaster
X15.3,Other,Contact with hot kettle
X15.4,Other,Contact with hot clothes iron or press
X15.5,Other,Contact with hot barbeque
X15.8,Other,Contact with other specified hot household appliances
X15.9,Other,Contact with unspecified hot household appliances
X16,Other,"Contact with hot heating appliances, radiators and pipes"
X17,Other,"Contact with hot engines, machinery and tools"
X18,Other,Contact with other hot metals
X19,Other,Contact with other and unspecified heat and hot substances
X20.1,Other,Contact with venomous lizard
X21.0,Other,Contact with funnel web spider
X21.1,Other,Contact with red back spider
X21.2,Other,Contact with white-tailed and other necrotising spider
X21.8,Other,Contact with other specified spider
X21.9,Other,Contact with unspecified spider
X22,Other,Contact with scorpions
X23.1,Other,Contact with hornets
X23.20,Other,Contact with unspecified wasps
X23.21,Other,Contact with paper wasps
X23.22,Other,Contact with yellow jacket wasps (Vespula species)
X23.23,Other,Contact with mud wasps
X23.29,Other,Contact with other specified wasps
X23.30,Other,Contact with unspecified bees
X23.31,Other,Contact with bumble bees
X23.32,Other,Contact with honey bees
X23.33,Other,Contact with native bees
X23.39,Other,Contact with other specified bees
X23.9,Other,"Contact with hornets, wasps and bees, unspecified"
X24,Other,Contact with centipedes and venomous millipedes (tropical)
X25.00,Other,Contact with jumper and bull ant
X25.01,Other,Contact with fire ant
X25.02,Other,Contact with green ant
X25.08,Other,Contact with other specified venomous ant
X25.09,Other,"Contact with venomous ant, unspecified"
X25.1,Other,Contact with venomous tick
X25.2,Other,Contact with venomous and urticating caterpillar
X25.8,Other,Contact with other venomous arthropod
X25.9,Other,Contact with unspecified venomous arthropod
X26.00,Other,Contact with box jellyfish
X26.01,Other,Contact with Irukandji jellyfish
X26.02,Other,Contact with Portuguese Man-o-war and bluebottle
X26.08,Other,Contact with other specified jellyfish
X26.09,Other,Contact with unspecified jellyfish
X26.10,Other,Contact with stonefish
X26.18,Other,Contact with other specified stinging fish
X26.2,Other,Contact with venomous octopus
X26.3,Other,Contact with stingray
X27.0,Other,Contact with platypus
X27.8,Other,Contact with other and unspecified venomous animals
X28,Other,Contact with other specified venomous plants
X29,Other,Contact with unspecified venomous animal or plant
X30,Other,Exposure to excessive natural heat
X31,Other,Exposure to excessive natural cold
X32,Other,Exposure to sunlight
X33,Other,Victim of lightning
X34,Other,Victim of earthquake
X35,Other,Victim of volcanic eruption
X36,Other,"Victim of avalanche, landslide and other earth movements"
X37,Other,Victim of cataclysmic storm
X38,Other,Victim of flood
X39,Other,Exposure to other and unspecified forces of nature
X40,Other,"Accidental poisoning by and exposure to nonopioid analgesics, antipyretics and antirheumatics"
X41,Other,"Accidental poisoning by and exposure to antiepileptic, sedative-hypnotic, antiparkinsonism and psychotropic drugs, not elsewhere classified"
X42,Other,"Accidental poisoning by and exposure to narcotics and psychodysleptics [hallucinogens], not elsewhere classified"
X43,Other,Accidental poisoning by and exposure to other drugs acting on the autonomic nervous system
X44,Other,"Accidental poisoning by and exposure to other and unspecified drugs, medicaments and biological substances"
X45,Other,Accidental poisoning by and exposure to alcohol
X46,Other,Accidental poisoning by and exposure to organic solvents and halogenated hydrocarbons and their vapours
X47.0,Other,Accidental poisoning by and exposure to motor vehicle exhaust
X47.1,Other,Accidental poisoning by and exposure to liquefied petroleum gas [LPG]
X47.2,Other,Accidental poisoning by and exposure to other specified utility gas
X47.8,Other,Accidental poisoning by and exposure to other specified gas and vapours
X47.9,Other,Accidental poisoning by and exposure to unspecified gas and vapours
X48,Other,Accidental poisoning by and exposure to pesticides
X49,Other,Accidental poisoning by and exposure to other and unspecified chemicals and noxious substances
X50,Other,Overexertion and strenuous or repetitive movements
X51,Other,Travel and motion
X52,Other,Prolonged stay in weightless environment
X53,Other,Lack of food
X54,Other,Lack of water
X57,Other,Unspecified privation
X58,Other,Exposure to other specified factors
X59,Other,Exposure to unspecified factor
X60,Intentional,"Intentional self-poisoning by and exposure to nonopioid analgesics, antipyretics and antirheumatics"
X61,Intentional,"Intentional self-poisoning by and exposure to antiepileptic, sedative-hypnotic, antiparkinsonism and psychotropic drugs, not elsewhere classified"
X62,Intentional,"Intentional self-poisoning by and exposure to narcotics and psychodysleptics [hallucinogens], not elsewhere classified"
X63,Intentional,Intentional self-poisoning by and exposure to other drugs acting on the autonomic nervous system
X64,Intentional,"Intentional self-poisoning by and exposure to other and unspecified drugs, medicaments and biological substances"
X65,Intentional,Intentional self-poisoning by and exposure to alcohol
X66,Intentional,Intentional self-poisoning by and exposure to organic solvents and halogenated hydrocarbons and their vapours
X67.0,Intentional,Intentional self-poisoning by and exposure to motor vehicle exhaust
X67.1,Intentional,Intentional self-poisoning by and exposure to liquefied petroleum gas [LPG]
X67.2,Intentional,Intentional self-poisoning by and exposure to other specified utility gas
X67.8,Intentional,Intentional self-poisoning by and exposure to other specified gas or vapours
X67.9,Intentional,Intentional self-poisoning by and exposure to unspecified gas or vapours
X68,Intentional,Intentional self-poisoning by and exposure to pesticides
X69,Intentional,Intentional self-poisoning by and exposure to other and unspecified chemicals and noxious substances
X70.0,Intentional,Intentional self-harm by hanging
X70.1,Intentional,Intentional self-harm by strangulation
X70.2,Intentional,Intentional self-harm by suffocation
X71.0,Intentional,Intentional self-harm by drowning and submersion in bath-tub
X71.1,Intentional,Intentional self-harm by drowning and submersion in swimming pool
X71.2,Intentional,Intentional self-harm by drowning and submersion in natural water
X71.8,Intentional,Intentional self-harm by drowning and submersion in other specified water
X71.9,Intentional,Intentional self-harm by drowning and submersion in unspecified water
X72,Intentional,Intentional self-harm by handgun discharge
X74.1,Intentional,Intentional self-harm by air rifle discharge
X74.2,Intentional,Intentional self-harm by shotgun discharge
X74.3,Intentional,Intentional self-harm by small calibre rifle discharge
X74.4,Intentional,Intentional self-harm by large calibre rifle discharge
X74.9,Intentional,Intentional self-harm by other and unspecified firearm discharge
X75,Intentional,Intentional self-harm by explosive material
X76,Intentional,"Intentional self-harm by smoke, fire and flames"
X77,Intentional,"Intentional self-harm by steam, hot vapours and hot objects"
X78.0,Intentional,Intentional self-harm by knife
X78.1,Intentional,Intentional self-harm by razor blade
X78.2,Intentional,Intentional self-harm by hypodermic needle and syringe
X78.3,Intentional,Intentional self-harm by glass
X78.8,Intentional,Intentional self-harm by other specified sharp object
X78.9,Intentional,"Intentional self-harm by sharp object, unspecified"
X79,Intentional,Intentional self-harm by blunt object
X80,Intentional,Intentional self-harm by jumping from a high place
X81.0,Intentional,Intentional self-harm by jumping or lying before a train
X81.1,Intentional,Intentional self-harm by jumping or lying before a tram
X81.2,Intentional,Intentional self-harm by jumping or lying before a motor vehicle
X81.8,Intentional,Intentional self-harm by jumping or lying before other specified moving object
X81.9,Intentional,Intentional self-harm by jumping or lying before unspecified moving object
X82.0,Intentional,"Intentional self-harm by crashing of car with other motor vehicle, nontraffic"
X82.1,Intentional,"Intentional self-harm by crashing of car with fixed or stationary object, nontraffic"
X82.2,Intentional,"Intentional self-harm by other specified crashing of motor vehicle, nontraffic"
X82.3,Intentional,"Intentional self-harm by unspecified crashing of motor vehicle, nontraffic"
X82.4,Intentional,"Intentional self-harm by crashing of car with other motor vehicle, traffic"
X82.5,Intentional,"Intentional self-harm by crashing of car with fixed or stationary object, traffic"
X82.8,Intentional,"Intentional self-harm by other specified crashing of motor vehicle, traffic"
X82.9,Intentional,"Intentional self-harm by unspecified crashing of motor vehicle, traffic"
X83,Intentional,Intentional self-harm by other specified means
X84,Intentional,Intentional self-harm by unspecified means
X85.00,Assault,"Assault by drugs, medicaments and biological substances, spouse or domestic partner"
X85.01,Assault,"Assault by drugs, medicaments and biological substances, parent"
X85.02,Assault,"Assault by drugs, medicaments and biological substances, other family member"
X85.03,Assault,"Assault by drugs, medicaments and biological substances, carer"
X85.04,Assault,"Assault by drugs, medicaments and biological substances, acquaintance or friend"
X85.05,Assault,"Assault by drugs, medicaments and biological substances, official authorities"
X85.06,Assault,"Assault by drugs, medicaments and biological substances, person unknown to the victim"
X85.07,Assault,"Assault by drugs, medicaments and biological substances, multiple persons unknown to the victim"
X85.08,Assault,"Assault by drugs, medicaments and biological substances, other specified person"
X85.09,Assault,"Assault by drugs, medicaments and biological substances, unspecified person"
X86.00,Assault,"Assault by corrosive substance, spouse or domestic partner"
X86.01,Assault,"Assault by corrosive substance, parent"
X86.02,Assault,"Assault by corrosive substance, other family member"
X86.03,Assault,"Assault by corrosive substance, carer"
X86.04,Assault,"Assault by corrosive substance, acquaintance or friend"
X86.05,Assault,"Assault by corrosive substance, official authorities"
X86.06,Assault,"Assault by corrosive substance, person unknown to the victim"
X86.07,Assault,"Assault by corrosive substance, multiple persons unknown to the victim"
X86.08,Assault,"Assault by corrosive substance, other specified person"
X86.09,Assault,"Assault by corrosive substance, unspecified person"
X87.00,Assault,"Assault by pesticides, spouse or domestic partner"
X87.01,Assault,"Assault by pesticides, parent"
X87.02,Assault,"Assault by pesticides, other family member"
X87.03,Assault,"Assault by pesticides, carer"
X87.04,Assault,"Assault by pesticides, acquaintance or friend"
X87.05,Assault,"Assault by pesticides, official authorities"
X87.06,Assault,"Assault by pesticides, person unknown to the victim"
X87.07,Assault,"Assault by pesticides, multiple persons unknown to the victim"
X87.08,Assault,"Assault by pesticides, other specified person"
X87.09,Assault,"Assault by pesticides, unspecified person"
X88.00,Assault,"Assault by gases and vapours, spouse or domestic partner"
X88.01,Assault,"Assault by gases and vapours, parent"
X88.02,Assault,"Assault by gases and vapours, other family member"
X88.03,Assault,"Assault by gases and vapours, carer"
X88.04,Assault,"Assault by gases and vapours, acquaintance or friend"
X88.05,Assault,"Assault by gases and vapours, official authorities"
X88.06,Assault,"Assault by gases and vapours, person unknown to the victim"
X88.07,Assault,"Assault by gases and vapours, multiple persons unknown to the victim"
X88.08,Assault,"Assault by gases and vapours, other specified person"
X88.09,Assault,"Assault by gases and vapours, unspecified person"
X89.00,Assault,"Assault by other specified chemicals and noxious substances, spouse or domestic partner"
X89.01,Assault,"Assault by other specified chemicals and noxious substances, parent"
X89.02,Assault,"Assault by other specified chemicals and noxious substances, other family member"
X89.03,Assault,"Assault by other specified chemicals and noxious substances, carer"
X89.04,Assault,"Assault by other specified chemicals and noxious substances, acquaintance or friend"
X89.05,Assault,"Assault by other specified chemicals and noxious substances, official authorities"
X89.06,Assault,"Assault by other specified chemicals and noxious substances, person unknown to the victim"
X89.07,Assault,"Assault by other specified chemicals and noxious substances, multiple persons unknown to the victim"
X89.08,Assault,"Assault by other specified chemicals and noxious substances, other specified person"
X89.09,Assault,"Assault by other specified chemicals and noxious substances, unspecified person"
X90.00,Assault,"Assault by unspecified chemical or noxious substance, spouse or domestic partner"
X90.01,Assault,"Assault by unspecified chemical or noxious substance, parent"
X90.02,Assault,"Assault by unspecified chemical or noxious substance, other family member"
X90.03,Assault,"Assault by unspecified chemical or noxious substance, carer"
X90.04,Assault,"Assault by unspecified chemical or noxious substance, acquaintance or friend"
X90.05,Assault,"Assault by unspecified chemical or noxious substance, official authorities"
X90.06,Assault,"Assault by unspecified chemical or noxious substance, person unknown to the victim"
X90.07,Assault,"Assault by unspecified chemical or noxious substance, multiple persons unknown to the victim"
X90.08,Assault,"Assault by unspecified chemical or noxious substance, other specified person"
X90.09,Assault,"Assault by unspecified chemical or noxious substance, unspecified person"
X91.00,Assault,"Assault by hanging, strangulation and suffocation, spouse or domestic partner"
X91.01,Assault,"Assault by hanging, strangulation and suffocation, parent"
X91.02,Assault,"Assault by hanging, strangulation and suffocation, other family member"
X91.03,Assault,"Assault by hanging, strangulation and suffocation, carer"
X91.04,Assault,"Assault by hanging, strangulation and suffocation, acquaintance or friend"
X91.05,Assault,"Assault by hanging, strangulation and suffocation, official authorities"
X91.06,Assault,"Assault by hanging, strangulation and suffocation, person unknown to the victim"
X91.07,Assault,"Assault by hanging, strangulation and suffocation, multiple persons unknown to the victim"
X91.08,Assault,"Assault by hanging, strangulation and suffocation, other specified person"
X91.09,Assault,"Assault by hanging, strangulation and suffocation, unspecified person"
X92.00,Assault,"Assault by drowning and submersion in bath-tub, spouse or domestic partner"
X92.01,Assault,"Assault by drowning and submersion in bath-tub, parent"
X92.02,Assault,"Assault by drowning and submersion in bath-tub, other family member"
X92.03,Assault,"Assault by drowning and submersion in bath-tub, carer"
X92.04,Assault,"Assault by drowning and submersion in bath-tub, acquaintance or friend"
X92.05,Assault,"Assault by drowning and submersion in bath-tub, official authorities"
X92.06,Assault,"Assault by drowning and submersion in bath-tub, person unknown to the victim"
X92.07,Assault,"Assault by drowning and submersion in bath-tub, multiple persons unknown to the victim"
X92.08,Assault,"Assault by drowning and submersion in bath-tub, other specified person"
X92.09,Assault,"Assault by drowning and submersion in bath-tub, unspecified person"
X92.10,Assault,"Assault by drowning and submersion in swimming pool, spouse or domestic partner"
X92.11,Assault,"Assault by drowning and submersion in swimming pool, parent"
X92.12,Assault,"Assault by drowning and submersion in swimming pool, other family member"
X92.13,Assault,"Assault by drowning and submersion in swimming pool, carer"
X92.14,Assault,"Assault by drowning and submersion in swimming pool, acquaintance or friend"
X92.15,Assault,"Assault by drowning and submersion in swimming pool, official authorities"
X92.16,Assault,"Assault by drowning and submersion in swimming pool, person unknown to the victim"
X92.17,Assault,"Assault by drowning and submersion in swimming pool, multiple persons unknown to the victim"
X92.18,Assault,"Assault by drowning and submersion in swimming pool, other specified person"
X92.19,Assault,"Assault by drowning and submersion in swimming pool, unspecified person"
X92.20,Assault,"Assault by drowning and submersion in natural water, spouse or domestic partner"
X92.21,Assault,"Assault by drowning and submersion in natural water, parent"
X92.22,Assault,"Assault by drowning and submersion in natural water, other family member"
X92.23,Assault,"Assault by drowning and submersion in natural water, carer"
X92.24,Assault,"Assault by drowning and submersion in natural water, acquaintance or friend"
X92.25,Assault,"Assault by drowning and submersion in natural water, official authorities"
X92.26,Assault,"Assault by drowning and submersion in natural water, person unknown to the victim"
X92.27,Assault,"Assault by drowning and submersion in natural water, multiple persons unknown to the victim"
X92.28,Assault,"Assault by drowning and submersion in natural water, other specified person"
X92.29,Assault,"Assault by drowning and submersion in natural water, unspecified person"
X92.80,Assault,"Assault by drowning and submersion in other specified water, spouse or domestic partner"
X92.81,Assault,"Assault by drowning and submersion in other specified water, parent"
X92.82,Assault,"Assault by drowning and submersion in other specified water, other family member"
X92.83,Assault,"Assault by drowning and submersion in other specified water, carer"
X92.84,Assault,"Assault by drowning and submersion in other specified water, acquaintance or friend"
X92.85,Assault,"Assault by drowning and submersion in other specified water, official authorities"
X92.86,Assault,"Assault by drowning and submersion in other specified water, person unknown to the victim"
X92.87,Assault,"Assault by drowning and submersion in other specified water, multiple persons unknown to the victim"
X92.88,Assault,"Assault by drowning and submersion in other specified water, other specified person"
X92.89,Assault,"Assault by drowning and submersion in other specified water, unspecified person"
X92.90,Assault,"Assault by drowning and submersion in unspecified water, spouse or domestic partner"
X92.91,Assault,"Assault by drowning and submersion in unspecified water, parent"
X92.92,Assault,"Assault by drowning and submersion in unspecified water, other family member"
X92.93,Assault,"Assault by drowning and submersion in unspecified water, carer"
X92.94,Assault,"Assault by drowning and submersion in unspecified water, acquaintance or friend"
X92.95,Assault,"Assault by drowning and submersion in unspecified water, official authorities"
X92.96,Assault,"Assault by drowning and submersion in unspecified water, person unknown to the victim"
X92.97,Assault,"Assault by drowning and submersion in unspecified water, multiple persons unknown to the victim"
X92.98,Assault,"Assault by drowning and submersion in unspecified water, other specified person"
X92.99,Assault,"Assault by drowning and submersion in unspecified water, unspecified person"
X93.00,Assault,"Assault by handgun discharge, spouse or domestic partner"
X93.01,Assault,"Assault by handgun discharge, parent"
X93.02,Assault,"Assault by handgun discharge, other family member"
X93.03,Assault,"Assault by handgun discharge, carer"
X93.04,Assault,"Assault by handgun discharge, acquaintance or friend"
X93.05,Assault,"Assault by handgun discharge, official authorities"
X93.06,Assault,"Assault by handgun discharge, person unknown to the victim"
X93.07,Assault,"Assault by handgun discharge, multiple persons unknown to the victim"
X93.08,Assault,"Assault by handgun discharge, other specified person"
X93.09,Assault,"Assault by handgun discharge, unspecified person"
X95.10,Assault,"Assault by air rifle discharge, spouse or domestic partner"
X95.11,Assault,"Assault by air rifle discharge, parent"
X95.12,Assault,"Assault by air rifle discharge, other family member"
X95.13,Assault,"Assault by air rifle discharge, carer"
X95.14,Assault,"Assault by air rifle discharge, acquaintance or friend"
X95.15,Assault,"Assault by air rifle discharge, official authorities"
X95.16,Assault,"Assault by air rifle discharge, person unknown to the victim"
X95.17,Assault,"Assault by air rifle discharge, multiple persons unknown to the victim"
X95.18,Assault,Assault by air rifle discharge other specified person
X95.19,Assault,"Assault by air rifle discharge, unspecified person"
X95.20,Assault,"Assault by shotgun discharge, spouse or domestic partner"
X95.21,Assault,"Assault by shotgun discharge, parent"
X95.22,Assault,"Assault by shotgun discharge, other family member"
X95.23,Assault,"Assault by shotgun discharge, carer"
X95.24,Assault,"Assault by shotgun discharge, acquaintance or friend"
X95.25,Assault,"Assault by shotgun discharge, official authorities"
X95.26,Assault,"Assault by shotgun discharge, person unknown to the victim"
X95.27,Assault,"Assault by shotgun discharge, multiple persons unknown to the victim"
X95.28,Assault,"Assault by shotgun discharge, other specified person"
X95.29,Assault,"Assault by shotgun discharge, unspecified person"
X95.30,Assault,"Assault by small calibre rifle discharge, spouse or domestic partner"
X95.31,Assault,"Assault by small calibre rifle discharge, parent"
X95.32,Assault,"Assault by small calibre rifle discharge, other family member"
X95.33,Assault,"Assault by small calibre rifle discharge, carer"
X95.34,Assault,"Assault by small calibre rifle discharge, acquaintance or friend"
X95.35,Assault,"Assault by small calibre rifle discharge, official authorities"
X95.36,Assault,"Assault by small calibre rifle discharge, person unknown to the victim"
X95.37,Assault,"Assault by small calibre rifle discharge, multiple persons unknown to the victim"
X95.38,Assault,"Assault by small calibre rifle discharge, other specified person"
X95.39,Assault,"Assault by small calibre rifle discharge, unspecified person"
X95.40,Assault,"Assault by large calibre rifle discharge, spouse or domestic partner"
X95.41,Assault,"Assault by large calibre rifle discharge, parent"
X95.42,Assault,"Assault by large calibre rifle discharge, other family member"
X95.43,Assault,"Assault by large calibre rifle discharge, carer"
X95.44,Assault,"Assault by large calibre rifle discharge, acquaintance or friend"
X95.45,Assault,"Assault by large calibre rifle discharge, official authorities"
X95.46,Assault,"Assault by large calibre rifle discharge, person unknown to the victim"
X95.47,Assault,"Assault by large calibre rifle discharge, multiple persons unknown to the victim"
X95.48,Assault,"Assault by large calibre rifle discharge, other specified person"
X95.49,Assault,"Assault by large calibre rifle discharge, unspecified person"
X95.90,Assault,"Assault by other and unspecified firearm discharge, spouse or domestic partner"
X95.91,Assault,"Assault by other and unspecified firearm discharge, parent"
X95.92,Assault,"Assault by other and unspecified firearm discharge, other family member"
X95.93,Assault,"Assault by other and unspecified firearm discharge, carer"
X95.94,Assault,"Assault by other and unspecified firearm discharge, acquaintance or friend"
X95.95,Assault,"Assault by other and unspecified firearm discharge, official authorities"
X95.96,Assault,"Assault by other and unspecified firearm discharge, person unknown to the victim"
X95.97,Assault,"Assault by other and unspecified firearm discharge, multiple persons unknown to the victim"
X95.98,Assault,"Assault by other and unspecified firearm discharge, other specified person"
X95.99,Assault,"Assault by other and unspecified firearm discharge, unspecified person"
X96.00,Assault,"Assault by explosive material, spouse or domestic partner"
X96.01,Assault,"Assault by explosive material, parent"
X96.02,Assault,"Assault by explosive material, other family member"
X96.03,Assault,"Assault by explosive material, carer"
X96.04,Assault,"Assault by explosive material, acquaintance or friend"
X96.05,Assault,"Assault by explosive material, official authorities"
X96.06,Assault,"Assault by explosive material, person unknown to the victim"
X96.07,Assault,"Assault by explosive material, multiple persons unknown to the victim"
X96.08,Assault,"Assault by explosive material, other specified person"
X96.09,Assault,"Assault by explosive material, unspecified person"
X97.00,Assault,"Assault by smoke, fire and flames, spouse or domestic partner"
X97.01,Assault,"Assault by smoke, fire and flames, parent"
X97.02,Assault,"Assault by smoke, fire and flames, other family member"
X97.03,Assault,"Assault by smoke, fire and flames, carer"
X97.04,Assault,"Assault by smoke, fire and flames, acquaintance or friend"
X97.05,Assault,"Assault by smoke, fire and flames, official authorities"
X97.06,Assault,"Assault by smoke, fire and flames, person unknown to the victim"
X97.07,Assault,"Assault by smoke, fire and flames, multiple persons unknown to the victim"
X97.08,Assault,"Assault by smoke, fire and flames, other specified person"
X97.09,Assault,"Assault by smoke, fire and flames, unspecified person"
X98.00,Assault,"Assault by steam, hot vapours and hot objects, spouse or domestic partner"
X98.01,Assault,"Assault by steam, hot vapours and hot objects, parent"
X98.02,Assault,"Assault by steam, hot vapours and hot objects, other family member"
X98.03,Assault,"Assault by steam, hot vapours and hot objects, carer"
X98.04,Assault,"Assault by steam, hot vapours and hot objects, acquaintance or friend"
X98.05,Assault,"Assault by steam, hot vapours and hot objects, official authorities"
X98.06,Assault,"Assault by steam, hot vapours and hot objects, person unknown to the victim"
X98.07,Assault,"Assault by steam, hot vapours and hot objects, multiple persons unknown to the victim"
X98.08,Assault,"Assault by steam, hot vapours and hot objects, other specified person"
X98.09,Assault,"Assault by steam, hot vapours and hot objects, unspecified person"
X99.00,Assault,"Assault by knife, spouse or domestic partner"
X99.01,Assault,"Assault by knife, parent"
X99.02,Assault,"Assault by knife, other family member"
X99.03,Assault,"Assault by knife, carer"
X99.04,Assault,"Assault by knife, acquaintance or friend"
X99.05,Assault,"Assault by knife, official authorities"
X99.06,Assault,"Assault by knife, person unknown to the victim"
X99.07,Assault,"Assault by knife, multiple persons unknown to the victim"
X99.08,Assault,"Assault by knife, other specified person"
X99.09,Assault,"Assault by knife, unspecified person"
X99.10,Assault,"Assault by razor blade, spouse or domestic partner"
X99.11,Assault,"Assault by razor blade, parent"
X99.12,Assault,"Assault by razor blade, other family member"
X99.13,Assault,"Assault by razor blade, carer"
X99.14,Assault,"Assault by razor blade, acquaintance or friend"
X99.15,Assault,"Assault by razor blade, official authorities"
X99.16,Assault,"Assault by razor blade, person unknown to the victim"
X99.17,Assault,"Assault by razor blade, multiple persons unknown to the victim"
X99.18,Assault,"Assault by razor blade, other specified person"
X99.19,Assault,"Assault by razor blade, unspecified person"
X99.20,Assault,"Assault by hypodermic needle and syringe, spouse or domestic partner"
X99.21,Assault,"Assault by hypodermic needle and syringe, parent"
X99.22,Assault,"Assault by hypodermic needle and syringe, other family member"
X99.23,Assault,"Assault by hypodermic needle and syringe, carer"
X99.24,Assault,"Assault by hypodermic needle and syringe, acquaintance or friend"
X99.25,Assault,"Assault by hypodermic needle and syringe, official authorities"
X99.26,Assault,"Assault by hypodermic needle and syringe, person unknown to the victim"
X99.27,Assault,"Assault by hypodermic needle and syringe, multiple persons unknown to the victim"
X99.28,Assault,"Assault by hypodermic needle and syringe, other specified person"
X99.29,Assault,"Assault by hypodermic needle and syringe, unspecified person"
X99.30,Assault,"Assault by glass, spouse or domestic partner"
X99.31,Assault,"Assault by glass, parent"
X99.32,Assault,"Assault by glass, other family member"
X99.33,Assault,"Assault by glass, carer"
X99.34,Assault,"Assault by glass, acquaintance or friend"
X99.35,Assault,"Assault by glass, official authorities"
X99.36,Assault,"Assault by glass, person unknown to the victim"
X99.37,Assault,"Assault by glass, multiple persons unknown to the victim"
X99.38,Assault,"Assault by glass, other specified person"
X99.39,Assault,"Assault by glass, unspecified person"
X99.80,Assault,"Assault by other specified sharp object, spouse or domestic partner"
X99.81,Assault,"Assault by other specified sharp object, parent"
X99.82,Assault,"Assault by other specified sharp object, other family member"
X99.83,Assault,"Assault by other specified sharp object, carer"
X99.84,Assault,"Assault by other specified sharp object, acquaintance or friend"
X99.85,Assault,"Assault by other specified sharp object, official authorities"
X99.86,Assault,"Assault by other specified sharp object, person unknown to the victim"
X99.87,Assault,"Assault by other specified sharp object, multiple persons unknown to the victim"
X99.88,Assault,"Assault by other specified sharp object, other specified person"
X99.89,Assault,"Assault by other specified sharp object, unspecified person"
X99.90,Assault,"Assault by sharp object, unspecified, spouse or domestic partner"
X99.91,Assault,"Assault by sharp object, unspecified, parent"
X99.92,Assault,"Assault by sharp object, unspecified, other family member"
X99.93,Assault,"Assault by sharp object, unspecified, carer"
X99.94,Assault,"Assault by sharp object, unspecified, acquaintance or friend"
X99.95,Assault,"Assault by sharp object, unspecified, official authorities"
X99.96,Assault,"Assault by sharp object, unspecified, person unknown to the victim"
X99.97,Assault,"Assault by sharp object, unspecified, multiple persons unknown to the victim"
X99.98,Assault,"Assault by sharp object, unspecified, other specified person"
X99.99,Assault,"Assault by sharp object, unspecified, unspecified person"
Y00.00,Assault,"Assault by blunt object, spouse or domestic partner"
Y00.01,Assault,"Assault by blunt object, parent"
Y00.02,Assault,"Assault by blunt object, other family member"
Y00.03,Assault,"Assault by blunt object, carer"
Y00.04,Assault,"Assault by blunt object, acquaintance or friend"
Y00.05,Assault,"Assault by blunt object, official authorities"
Y00.06,Assault,"Assault by blunt object, person unknown to the victim"
Y00.07,Assault,"Assault by blunt object, multiple persons unknown to the victim"
Y00.08,Assault,"Assault by blunt object, other specified person"
Y00.09,Assault,"Assault by blunt object, unspecified person"
Y01.00,Assault,"Assault by pushing from high place, spouse or domestic partner"
Y01.01,Assault,"Assault by pushing from high place, parent"
Y01.02,Assault,"Assault by pushing from high place, other family member"
Y01.03,Assault,"Assault by pushing from high place, carer"
Y01.04,Assault,"Assault by pushing from high place, acquaintance or friend"
Y01.05,Assault,"Assault by pushing from high place, official authorities"
Y01.06,Assault,"Assault by pushing from high place, person unknown to the victim"
Y01.07,Assault,"Assault by pushing from high place, multiple persons unknown to the victim"
Y01.08,Assault,"Assault by pushing from high place, other specified person"
Y01.09,Assault,"Assault by pushing from high place, unspecified person"
Y02.00,Assault,"Assault by pushing or placing victim before moving object, spouse or domestic partner"
Y02.01,Assault,"Assault by pushing or placing victim before moving object, parent"
Y02.02,Assault,"Assault by pushing or placing victim before moving object, other family member"
Y02.03,Assault,"Assault by pushing or placing victim before moving object, carer"
Y02.04,Assault,"Assault by pushing or placing victim before moving object, acquaintance or friend"
Y02.05,Assault,"Assault by pushing or placing victim before moving object, official authorities"
Y02.06,Assault,"Assault by pushing or placing victim before moving object, person unknown to the victim"
Y02.07,Assault,"Assault by pushing or placing victim before moving object, multiple persons unknown to the victim"
Y02.08,Assault,"Assault by pushing or placing victim before moving object, other specified person"
Y02.09,Assault,"Assault by pushing or placing victim before moving object, unspecified person"
Y02.10,Assault,"Assault by pushing or placing victim before a train, spouse or domestic partner"
Y02.11,Assault,"Assault by pushing or placing victim before a train, parent"
Y02.12,Assault,"Assault by pushing or placing victim before a train, other family member"
Y02.13,Assault,"Assault by pushing or placing victim before a train, carer"
Y02.14,Assault,"Assault by pushing or placing victim before a train, acquaintance or friend"
Y02.15,Assault,"Assault by pushing or placing victim before a train, official authorities"
Y02.16,Assault,"Assault by pushing or placing victim before a train, person unknown to the victim"
Y02.17,Assault,"Assault by pushing or placing victim before a train, multiple persons unknown to the victim"
Y02.18,Assault,"Assault by pushing or placing victim before a train, other specified person"
Y02.19,Assault,"Assault by pushing or placing victim before a train, unspecified person"
Y02.20,Assault,"Assault by pushing or placing victim before a tram, spouse or domestic partner"
Y02.21,Assault,"Assault by pushing or placing victim before a tram, parent"
Y02.22,Assault,"Assault by pushing or placing victim before a tram, other family member"
Y02.23,Assault,"Assault by pushing or placing victim before a tram, carer"
Y02.24,Assault,"Assault by pushing or placing victim before a tram, acquaintance or friend"
Y02.25,Assault,"Assault by pushing or placing victim before a tram, official authorities"
Y02.26,Assault,"Assault by pushing or placing victim before a tram, person unknown to the victim"
Y02.27,Assault,"Assault by pushing or placing victim before a tram, multiple persons unknown to the victim"
Y02.28,Assault,"Assault by pushing or placing victim before a tram, other specified person"
Y02.29,Assault,"Assault by pushing or placing victim before a tram, unspecified person"
Y02.30,Assault,"Assault by pushing or placing victim before a motor vehicle, spouse or domestic partner"
Y02.31,Assault,"Assault by pushing or placing victim before a motor vehicle, parent"
Y02.32,Assault,"Assault by pushing or placing victim before a motor vehicle, other family member"
Y02.33,Assault,"Assault by pushing or placing victim before a motor vehicle, carer"
Y02.34,Assault,"Assault by pushing or placing victim before a motor vehicle, acquaintance or friend"
Y02.35,Assault,"Assault by pushing or placing victim before a motor vehicle, official authorities"
Y02.36,Assault,"Assault by pushing or placing victim before a motor vehicle, person unknown to the victim"
Y02.37,Assault,"Assault by pushing or placing victim before a motor vehicle, multiple persons unknown to the victim"
Y02.38,Assault,"Assault by pushing or placing victim before a motor vehicle, other specified person"
Y02.39,Assault,"Assault by pushing or placing victim before a motor vehicle, unspecified person"
Y02.80,Assault,"Assault by pushing or placing victim before other specified moving object, spouse or domestic partner"
Y02.81,Assault,"Assault by pushing or placing victim before other specified moving object, parent"
Y02.82,Assault,"Assault by pushing or placing victim before other specified moving object, other family member"
Y02.83,Assault,"Assault by pushing or placing victim before other specified moving object, carer"
Y02.84,Assault,"Assault by pushing or placing victim before other specified moving object, acquaintance or friend"
Y02.85,Assault,"Assault by pushing or placing victim before other specified moving object, official authorities"
Y02.86,Assault,"Assault by pushing or placing victim before other specified moving object, person unknown to the victim"
Y02.87,Assault,"Assault by pushing or placing victim before other specified moving object, multiple persons unknown to the victim"
Y02.88,Assault,"Assault by pushing or placing victim before other specified moving object, other specified person"
Y02.89,Assault,"Assault by pushing or placing victim before other specified moving object, unspecified person"
Y02.90,Assault,"Assault by pushing or placing victim before unspecified moving object, spouse or domestic partner"
Y02.91,Assault,"Assault by pushing or placing victim before unspecified moving object, parent"
Y02.92,Assault,"Assault by pushing or placing victim before unspecified moving object, other family member"
Y02.93,Assault,"Assault by pushing or placing victim before unspecified moving object, carer"
Y02.94,Assault,"Assault by pushing or placing victim before unspecified moving object, acquaintance or friend"
Y02.95,Assault,"Assault by pushing or placing victim before unspecified moving object, official authorities"
Y02.96,Assault,"Assault by pushing or placing victim before unspecified moving object, person unknown to the victim"
Y02.97,Assault,"Assault by pushing or placing victim before unspecified moving object, multiple persons unknown to the victim"
Y02.98,Assault,"Assault by pushing or placing victim before unspecified moving object, other specified person"
Y02.99,Assault,"Assault by pushing or placing victim before unspecified moving object, unspecified person"
Y03.00,Assault,"Assault by crashing of car with other motor vehicle, nontraffic, spouse or domestic partner"
Y03.01,Assault,"Assault by crashing of car with other motor vehicle, nontraffic, parent"
Y03.02,Assault,"Assault by crashing of car with other motor vehicle, nontraffic, other family member"
Y03.03,Assault,"Assault by crashing of car with other motor vehicle, nontraffic, carer"
Y03.04,Assault,"Assault by crashing of car with other motor vehicle, nontraffic, acquaintance or friend"
Y03.05,Assault,"Assault by crashing of car with other motor vehicle, nontraffic, official authorities"
Y03.06,Assault,"Assault by crashing of car with other motor vehicle, nontraffic, person unknown to the victim"
Y03.07,Assault,"Assault by crashing of car with other motor vehicle, nontraffic, multiple persons unknown to the victim"
Y03.08,Assault,"Assault by crashing of car with other motor vehicle, nontraffic, other specified person"
Y03.09,Assault,"Assault by crashing of car with other motor vehicle, nontraffic, unspecified person"
Y03.10,Assault,"Assault by crashing of car with fixed or stationary object, nontraffic, spouse or domestic partner"
Y03.11,Assault,"Assault by crashing of car with fixed or stationary object, nontraffic, parent"
Y03.12,Assault,"Assault by crashing of car with fixed or stationary object, nontraffic, other family member"
Y03.13,Assault,"Assault by crashing of car with fixed or stationary object, nontraffic, carer"
Y03.14,Assault,"Assault by crashing of car with fixed or stationary object, nontraffic, acquaintance or friend"
Y03.15,Assault,"Assault by crashing of car with fixed or stationary object, nontraffic, official authorities"
Y03.16,Assault,"Assault by crashing of car with fixed or stationary object, nontraffic, person unknown to the victim"
Y03.17,Assault,"Assault by crashing of car with fixed or stationary object, nontraffic, multiple persons unknown to the victim"
Y03.18,Assault,"Assault by crashing of car with fixed or stationary object, nontraffic, other specified person"
Y03.19,Assault,"Assault by crashing of car with fixed or stationary object, nontraffic, unspecified person"
Y03.20,Assault,"Assault by other specified crashing of motor vehicle, nontraffic, spouse or domestic partner"
Y03.21,Assault,"Assault by other specified crashing of motor vehicle, nontraffic, parent"
Y03.22,Assault,"Assault by other specified crashing of motor vehicle, nontraffic, other family member"
Y03.23,Assault,"Assault by other specified crashing of motor vehicle, nontraffic, carer"
Y03.24,Assault,"Assault by other specified crashing of motor vehicle, nontraffic, acquaintance or friend"
Y03.25,Assault,"Assault by other specified crashing of motor vehicle, nontraffic, official authorities"
Y03.26,Assault,"Assault by other specified crashing of motor vehicle, nontraffic, person unknown to the victim"
Y03.27,Assault,"Assault by other specified crashing of motor vehicle, nontraffic, multiple persons unknown to the victim"
Y03.28,Assault,"Assault by other specified crashing of motor vehicle, nontraffic, other specified person"
Y03.29,Assault,"Assault by other specified crashing of motor vehicle, nontraffic, unspecified person"
Y03.30,Assault,"Assault by unspecified crashing of motor vehicle, nontraffic, spouse or domestic partner"
Y03.31,Assault,"Assault by unspecified crashing of motor vehicle, nontraffic, parent"
Y03.32,Assault,"Assault by unspecified crashing of motor vehicle, nontraffic, other family member"
Y03.33,Assault,"Assault by unspecified crashing of motor vehicle, nontraffic, carer"
Y03.34,Assault,"Assault by unspecified crashing of motor vehicle, nontraffic, acquaintance or friend"
Y03.35,Assault,"Assault by unspecified crashing of motor vehicle, nontraffic, official authorities"
Y03.36,Assault,"Assault by unspecified crashing of motor vehicle, nontraffic, person unknown to the victim"
Y03.37,Assault,"Assault by unspecified crashing of motor vehicle, nontraffic, multiple persons unknown to the victim"
Y03.38,Assault,"Assault by unspecified crashing of motor vehicle, nontraffic, other specified person"
Y03.39,Assault,"Assault by unspecified crashing of motor vehicle, nontraffic, unspecified person"
Y03.40,Assault,"Assault by crashing of car with other motor vehicle, traffic, spouse or domestic partner"
Y03.41,Assault,"Assault by crashing of car with other motor vehicle, traffic, parent"
Y03.42,Assault,"Assault by crashing of car with other motor vehicle, traffic, other family member"
Y03.43,Assault,"Assault by crashing of car with other motor vehicle, traffic, carer"
Y03.44,Assault,"Assault by crashing of car with other motor vehicle, traffic, acquaintance or friend"
Y03.45,Assault,"Assault by crashing of car with other motor vehicle, traffic, official authorities"
Y03.46,Assault,"Assault by crashing of car with other motor vehicle, traffic, person unknown to the victim"
Y03.47,Assault,"Assault by crashing of car with other motor vehicle, traffic, multiple persons unknown to the victim"
Y03.48,Assault,"Assault by crashing of car with other motor vehicle, traffic, other specified person"
Y03.49,Assault,"Assault by crashing of car with other motor vehicle, traffic, unspecified person"
Y03.50,Assault,"Assault by crashing of car with fixed or stationary object, traffic, spouse or domestic partner"
Y03.51,Assault,"Assault by crashing of car with fixed or stationary object, traffic, parent"
Y03.52,Assault,"Assault by crashing of car with fixed or stationary object, traffic, other family member"
Y03.53,Assault,"Assault by crashing of car with fixed or stationary object, traffic, carer"
Y03.54,Assault,"Assault by crashing of car with fixed or stationary object, traffic, acquaintance or friend"
Y03.55,Assault,"Assault by crashing of car with fixed or stationary object, traffic, official authorities"
Y03.56,Assault,"Assault by crashing of car with fixed or stationary object, traffic, person unknown to the victim"
Y03.57,Assault,"Assault by crashing of car with fixed or stationary object, traffic, multiple persons unknown to the victim"
Y03.58,Assault,"Assault by crashing of car with fixed or stationary object, traffic, other specified person"
Y03.59,Assault,"Assault by crashing of car with fixed or stationary object, traffic, unspecified person"
Y03.80,Assault,"Assault by other specified crashing of motor vehicle, traffic, spouse or domestic partner"
Y03.81,Assault,"Assault by other specified crashing of motor vehicle, traffic, parent"
Y03.82,Assault,"Assault by other specified crashing of motor vehicle, traffic, other family member"
Y03.83,Assault,"Assault by other specified crashing of motor vehicle, traffic, carer"
Y03.84,Assault,"Assault by other specified crashing of motor vehicle, traffic, acquaintance or friend"
Y03.85,Assault,"Assault by other specified crashing of motor vehicle, traffic, official authorities"
Y03.86,Assault,"Assault by other specified crashing of motor vehicle, traffic, person unknown to the victim"
Y03.87,Assault,"Assault by other specified crashing of motor vehicle, traffic, multiple persons unknown to the victim"
Y03.88,Assault,"Assault by other specified crashing of motor vehicle, traffic, other specified person"
Y03.89,Assault,"Assault by other specified crashing of motor vehicle, traffic, unspecified person"
Y03.90,Assault,"Assault by unspecified crashing of motor vehicle, traffic, spouse or domestic partner"
Y03.91,Assault,"Assault by unspecified crashing of motor vehicle, traffic, parent"
Y03.92,Assault,"Assault by unspecified crashing of motor vehicle, traffic, other family member"
Y03.93,Assault,"Assault by unspecified crashing of motor vehicle, traffic, carer"
Y03.94,Assault,"Assault by unspecified crashing of motor vehicle, traffic, acquaintance or friend"
Y03.95,Assault,"Assault by unspecified crashing of motor vehicle, traffic, official authorities"
Y03.96,Assault,"Assault by unspecified crashing of motor vehicle, traffic, person unknown to the victim"
Y03.97,Assault,"Assault by unspecified crashing of motor vehicle, traffic, multiple persons unknown to the victim"
Y03.98,Assault,"Assault by unspecified crashing of motor vehicle, traffic, other specified person"
Y03.99,Assault,"Assault by unspecified crashing of motor vehicle, traffic, unspecified person"
Y04.00,Assault,"Assault by bodily force, spouse or domestic partner"
Y04.01,Assault,"Assault by bodily force, parent"
Y04.02,Assault,"Assault by bodily force, other family member"
Y04.03,Assault,"Assault by bodily force, carer"
Y04.04,Assault,"Assault by bodily force, acquaintance or friend"
Y04.05,Assault,"Assault by bodily force, official authorities"
Y04.06,Assault,"Assault by bodily force, person unknown to the victim"
Y04.07,Assault,"Assault by bodily force, multiple persons unknown to the victim"
Y04.08,Assault,"Assault by bodily force, other specified person"
Y04.09,Assault,"Assault by bodily force, unspecified person"
Y05.00,Assault,"Sexual assault by bodily force, spouse or domestic partner"
Y05.01,Assault,"Sexual assault by bodily force, parent"
Y05.02,Assault,"Sexual assault by bodily force, other family member"
Y05.03,Assault,"Sexual assault by bodily force, carer"
Y05.04,Assault,"Sexual assault by bodily force, acquaintance or friend"
Y05.05,Assault,"Sexual assault by bodily force, official authorities"
Y05.06,Assault,"Sexual assault by bodily force, person unknown to the victim"
Y05.07,Assault,"Sexual assault by bodily force, multiple persons unknown to the victim"
Y05.08,Assault,"Sexual assault by bodily force, other specified person"
Y05.09,Assault,"Sexual assault by bodily force, unspecified person"
Y06.00,Assault,"Neglect and abandonment, spouse or domestic partner"
Y06.01,Assault,"Neglect and abandonment, parent"
Y06.02,Assault,"Neglect and abandonment, other family member"
Y06.03,Assault,"Neglect and abandonment, carer"
Y06.04,Assault,"Neglect and abandonment, acquaintance or friend"
Y06.05,Assault,"Neglect and abandonment, official authorities"
Y06.06,Assault,"Neglect and abandonment, person unknown to the victim"
Y06.07,Assault,"Neglect and abandonment, multiple persons unknown to the victim"
Y06.08,Assault,"Neglect and abandonment, other specified person"
Y06.09,Assault,"Neglect and abandonment, unspecified person"
Y06.1,Assault,"Neglect and abandonment, by parent"
Y07.00,Assault,"Other maltreatment syndromes, spouse or domestic partner"
Y07.01,Assault,"Other maltreatment syndromes, parent"
Y07.02,Assault,"Other maltreatment syndromes, other family member"
Y07.03,Assault,"Other maltreatment syndromes, carer"
Y07.04,Assault,"Other maltreatment syndromes, acquaintance or friend"
Y07.05,Assault,"Other maltreatment syndromes, official authorities"
Y07.06,Assault,"Other maltreatment syndromes, person unknown to the victim"
Y07.07,Assault,"Other maltreatment syndromes, multiple persons unknown to the victim"
Y07.08,Assault,"Other maltreatment syndromes, other specified person"
Y07.09,Assault,"Other maltreatment syndromes, unspecified person"
Y07.1,Assault,"Other maltreatment syndromes, by parent"
Y07.2,Assault,"Other maltreatment syndromes, by acquaintance or friend"
Y07.3,Assault,"Other maltreatment syndromes, by official authorities"
Y07.8,Assault,"Other maltreatment syndromes, by other specified persons"
Y07.9,Assault,"Other maltreatment syndromes, by unspecified person"
Y08.00,Assault,"Assault by other specified means, spouse or domestic partner"
Y08.01,Assault,"Assault by other specified means, parent"
Y08.02,Assault,"Assault by other specified means, other family member"
Y08.03,Assault,"Assault by other specified means, carer"
Y08.04,Assault,"Assault by other specified means, acquaintance or friend"
Y08.05,Assault,"Assault by other specified means, official authorities"
Y08.06,Assault,"Assault by other specified means, person unknown to the victim"
Y08.07,Assault,"Assault by other specified means, multiple persons unknown to the victim"
Y08.08,Assault,"Assault by other specified means, other specified person"
Y08.09,Assault,"Assault by other specified means, unspecified person"
Y09.00,Assault,"Assault by unspecified means, spouse or domestic partner"
Y09.01,Assault,"Assault by unspecified means, parent"
Y09.02,Assault,"Assault by unspecified means, other family member"
Y09.03,Assault,"Assault by unspecified means, carer"
Y09.04,Assault,"Assault by unspecified means, acquaintance or friend"
Y09.05,Assault,"Assault by unspecified means, official authorities"
Y09.06,Assault,"Assault by unspecified means, person unknown to the victim"
Y09.07,Assault,"Assault by unspecified means, multiple persons unknown to the victim"
Y09.08,Assault,"Assault by unspecified means, other specified person"
Y09.09,Assault,"Assault by unspecified means, unspecified person"
Y10,other,"Poisoning by and exposure to nonopioid analgesics, antipyretics and antirheumatics, undetermined intent"
Y11,other,"Poisoning by and exposure to antiepileptic, sedative-hypnotic, antiparkinsonism and psychotropic drugs, not elsewhere classified, undetermined intent"
Y12,other,"Poisoning by and exposure to narcotics and psychodysleptics [hallucinogens], not elsewhere classified, undetermined intent"
Y13,other,"Poisoning by and exposure to other drugs acting on the autonomic nervous system, undetermined intent"
Y14,other,"Poisoning by and exposure to other and unspecified drugs, medicaments and biological substances, undetermined intent"
Y15,other,"Poisoning by and exposure to alcohol, undetermined intent"
Y16,other,"Poisoning by and exposure to organic solvents and halogenated hydrocarbons and their vapours, undetermined intent"
Y17.0,other,"Poisoning by and exposure to motor vehicle exhaust, undetermined intent"
Y18,other,"Poisoning by and exposure to pesticides, undetermined intent"
Y19,other,"Poisoning by and exposure to other and unspecified chemicals and noxious substances, undetermined intent"
Y20,other,"Hanging, strangulation and suffocation, undetermined intent"
Y21.0,other,"Drowning and submersion in bath-tub, undetermined intent"
Y22,other,"Handgun discharge, undetermined intent"
Y24.1,other,"Air rifle discharge, undetermined intent"
Y24.2,other,"Shotgun discharge, undetermined intent"
Y24.3,other,"Small calibre rifle discharge, undetermined intent"
Y24.4,other,"Large calibre rifle discharge, undetermined intent"
Y24.9,other,"Discharge from other and unspecified firearms, undetermined intent"
Y25,other,"Contact with explosive material, undetermined intent"
Y26,other,"Exposure to smoke, fire and flames, undetermined intent"
Y27,other,"Contact with steam, hot vapours and hot objects, undetermined intent"
Y28.0,other,"Contact with knife, undetermined intent"
Y28.1,other,"Contact with razor blade, undetermined intent"
Y28.2,other,"Contact with hypodermic needle and syringe, undetermined intent"
Y28.3,other,"Contact with glass, undetermined intent"
Y28.8,other,"Contact with other specified sharp object, undetermined intent"
Y28.9,other,"Contact with unspecified sharp object, undetermined intent"
Y29,other,"Contact with blunt object, undetermined intent"
Y30,other,"Falling, jumping or pushed from a high place, undetermined intent"
Y31.0,other,"Falling, lying or running before or into a train, undetermined intent"
Y31.1,other,"Falling, lying or running before or into a tram, undetermined intent"
Y31.2,other,"Falling, lying or running before or into a motor vehicle, undetermined intent"
Y31.8,other,"Falling, lying or running before or into other specified moving object, undetermined intent"
Y31.9,other,"Falling, lying or running before or into unspecified moving object, undetermined intent"
Y32.0,other,"Crashing of car with other motor vehicle, undetermined intent, nontraffic"
Y32.1,other,"Crashing of car with fixed or stationary object, undetermined intent, nontraffic"
Y32.2,other,"Other specified crashing of motor vehicle, undetermined intent, nontraffic"
Y32.3,other,"Unspecified crashing of motor vehicle, undetermined intent, nontraffic"
Y32.4,other,"Crashing of car with other motor vehicle, undetermined intent, traffic"
Y32.5,other,"Crashing of car with fixed or stationary object, undetermined intent, traffic"
Y32.8,other,"Other specified crashing of motor vehicle, undetermined intent, traffic"
Y32.9,other,"Unspecified crashing of motor vehicle, undetermined intent, traffic"
Y33,other,"Other specified events, undetermined intent"
Y34,other,"Unspecified event, undetermined intent"
Y35.01,other,Legal intervention involving handgun discharge
Y35.02,other,Legal intervention involving air rifle discharge
Y35.03,other,Legal intervention involving shotgun discharge
Y35.04,other,Legal intervention involving small calibre rifle discharge
Y35.05,other,Legal intervention involving large calibre rifle discharge
Y35.09,other,Legal intervention involving discharge from other and unspecified firearms
Y35.1,other,Legal intervention involving explosives
Y35.2,other,Legal intervention involving gas
Y35.3,other,Legal intervention involving blunt objects
Y35.4,other,Legal intervention involving sharp objects
Y35.5,other,Legal execution
Y35.6,other,Legal intervention involving other specified means
Y35.7,other,"Legal intervention, means unspecified"
Y36.0,other,War operations involving explosion of marine weapons
Y36.1,other,War operations involving destruction of aircraft
Y36.2,other,War operations involving other explosions and fragments
Y36.3,other,"War operations involving fires, conflagrations and hot substances"
Y36.41,other,War operations involving handgun discharge
Y36.42,other,War operations involving air rifle discharge
Y36.43,other,War operations involving shotgun discharge
Y36.44,other,War operations involving small calibre rifle discharge
Y36.45,other,War operations involving large calibre rifle discharge
Y36.49,other,War operations involving discharge from other and unspecified firearms and other forms of conventional warfare
Y36.5,other,War operations involving nuclear weapons
Y36.6,other,War operations involving biological weapons
Y36.7,other,War operations involving chemical weapons and other forms of unconventional warfare
Y36.8,other,War operations occurring after cessation of hostilities
Y36.9,other,"War operations, unspecified"
